score,pred_identity,true_identity_of_probe,is_enrolled
0.3910060524940491,Alan_Greenspan,AJ_Cook,False
0.3350841701030731,Silvan_Shalom,AJ_Lamas,False
0.3404499292373657,Roman_Polanski,Aaron_Eckhart,False
0.3778957426548004,Claudia_Pechstein,Aaron_Guiel,False
0.314905047416687,Tiger_Woods,Aaron_Patterson,False
0.3729250729084015,George_Lopez,Aaron_Pena,False
0.37765195965766907,Vojislav_Kostunica,Aaron_Sorkin,False
0.37701690196990967,Placido_Domingo,Aaron_Tippin,False
0.3347610533237457,Alan_Greenspan,Abba_Eban,False
0.32640209794044495,Victoria_Clarke,Abbas_Kiarostami,False
0.3406428098678589,Richard_Armitage,Abdel_Madi_Shabneh,False
0.3607043921947479,Bulent_Ecevit,Abdul_Majeed_Shobokshi,False
0.3277350664138794,Kelvin_Sampson,Abdul_Rahman,False
0.3696606457233429,Leonardo_DiCaprio,Abdullah_Ahmad_Badawi,False
0.2933896481990814,Luis_Gonzalez_Macchi,Abdullah_Nasseef,False
0.3642326593399048,Dick_Clark,Abdullatif_Sener,False
0.3102378845214844,Antonio_Banderas,Abel_Aguilar,False
0.36899977922439575,Roberto_Carlos,Abner_Martinez,False
0.40988224744796753,Ciro_Gomes,Abraham_Foxman,False
0.3744752109050751,Ricardo_Lagos,Aby_Har-Even,False
0.31017833948135376,Rick_Barnes,Adam_Ant,False
0.3129388093948364,Leonardo_DiCaprio,Adam_Freier,False
0.29542896151542664,Jean-David_Levitte,Adam_Herbert,False
0.35976260900497437,Juan_Pablo_Montoya,Adam_Kennedy,False
0.4207390546798706,Ian_Thorpe,Adam_Mair,False
0.26883772015571594,Ian_McKellen,Adam_Rich,False
0.3571978509426117,Mark_Hurlbert,Adam_Scott,False
0.3457239270210266,Norah_Jones,Adelina_Avila,False
0.31913942098617554,Alejandro_Toledo,Adisai_Bodharamik,False
0.4078928530216217,Samuel_Waksal,Adolfo_Rodriguez_Saa,False
0.3830004036426544,GL_Peiris,Adoor_Gopalakarishnan,False
0.4321299195289612,Rob_Marshall,Adrian_Annus,False
0.34292006492614746,Jose_Maria_Aznar,Adrian_Fernandez,False
0.27262938022613525,Roh_Moo-hyun,Adrian_McPherson,False
0.33961573243141174,Michael_Jordan,Adrian_Murrell,False
0.4541815221309662,Ranil_Wickremasinghe,Adrian_Nastase,False
0.3474397361278534,Xavier_Malisse,Adriana_Lima,False
0.33702409267425537,Sachiko_Yamada,Adriana_Perez_Navarro,False
0.4207024872303009,Sonia_Gandhi,Adrianna_Zuzic,False
0.4085753560066223,Diana_Krall,Afton_Smith,False
0.31922873854637146,Sarah_Michelle_Gellar,Agbani_Darego,False
0.3450463116168976,Hitomi_Soga,Agnelo_Queiroz,False
0.3287474513053894,Rebecca_Romijn-Stamos,Agnes_Bruckner,False
0.35112321376800537,Mahmoud_Abbas,Ahmad_Jbarah,False
0.3253469169139862,Edwina_Currie,Ahmad_Masood,False
0.33575934171676636,Robert_Torricelli,Ahmed_Ahmed,False
0.31407931447029114,Sachiko_Yamada,Ahmed_Ghazi,False
0.3994315564632416,Bruce_Springsteen,Ahmed_Ibrahim_Bilal,False
0.33477598428726196,Tim_Duncan,Ahmed_Lopez,False
0.383908212184906,Anne_Krueger,Ahmed_Qureia,False
0.35505998134613037,Paul_Tagliabue,Ahmet_Necdet_Sezer,False
0.34589487314224243,Bob_Hope,Aidan_Quinn,False
0.2930068075656891,Joe_Nichols,Aileen_Riggin_Soule,False
0.34877538681030273,Angelo_Reyes,Ain_Seppik,False
0.3608165383338928,Russell_Simmons,Ainsworth_Dyer,False
0.4061545431613922,Monica_Bellucci,Aishwarya_Rai,False
0.3726058602333069,Scott_Peterson,Aitor_Gonzalez,False
0.4148959219455719,Ashanti,Aiysha_Smith,False
0.321367084980011,Adrien_Brody,Ajit_Agarkar,False
0.3650745451450348,Nabil_Shaath,Akbar_Al_Baker,False
0.3029564619064331,Natalie_Maines,Akiko_Morigami,False
0.4052827060222626,Yu_Shyi-kun,Akmal_Taher,False
0.3443717956542969,Rick_Perry,Al_Cardenas,False
0.37410786747932434,Dennis_Kucinich,Al_Davis,False
0.3682365119457245,Matthew_Broderick,Al_Leiter,False
0.37065666913986206,Xavier_Malisse,Alain_Cervantes,False
0.33475929498672485,Warren_Buffett,Alain_Ducasse,False
0.3268275856971741,Anders_Ebbeson,Alan_Ball,False
0.3788098990917206,Robert_Duvall,Alan_Dershowitz,False
0.32562968134880066,Arlen_Specter,Alan_Dreher,False
0.41414615511894226,Ahmed_Chalabi,Alan_Greer,False
0.3661987781524658,Ben_Howland,Alan_Jackson,False
0.38410091400146484,Jimmy_Carter,Alan_Mulally,False
0.35352209210395813,Don_Siegelman,Alan_Stonecipher,False
0.3349243700504303,Holly_Hunter,Alan_Tang_Kwong-wing,False
0.33404451608657837,Robert_Duvall,Alan_Trammell,False
0.32167041301727295,Jan_Ullrich,Alan_Zemaitis,False
0.3108794391155243,Denzel_Washington,Alanis_Morissette,False
0.33566656708717346,Martina_McBride,Alanna_Ubach,False
0.3573707640171051,Bill_Paxton,Alastair_Johnston,False
0.338304728269577,Nicanor_Duarte_Frutos,Albaro_Recoba,False
0.3175598680973053,Todd_Haynes,Albert_Brooks,False
0.37326446175575256,Zinedine_Zidane,Albert_Montanes,False
0.33532920479774475,Carrie-Anne_Moss,Albert_Pujols,False
0.2950240969657898,Vitali_Klitschko,Alberto_Acosta,False
0.379535436630249,Chen_Shui-bian,Alberto_Fujimori,False
0.3307211101055145,Johnny_Tapia,Alberto_Gonzales,False
0.30918070673942566,Wolfgang_Schuessel,Alberto_Ruiz_Gallardon,False
0.3982207477092743,Silvio_Berlusconi,Alberto_Sordi,False
0.3328193426132202,Vaclav_Havel,Albrecht_Mentz,False
0.40023767948150635,Erik_Morales,Aldo_Paredes,False
0.4064926207065582,Muhammad_Saeed_al-Sahhaf,Alecos_Markides,False
0.31836628913879395,Keanu_Reeves,Alejandro_Atchugarry,False
0.3461418151855469,Abdullah,Alejandro_Fernandez,False
0.35358744859695435,Luciano_Pavarotti,Alejandro_Gonzalez_Inarritu,False
0.3389955759048462,John_Travolta,Alejandro_Lembo,False
0.32049989700317383,Nicolas_Cage,Alejandro_Lerner,False
0.34791162610054016,Donald_Rumsfeld,Alejandro_Lopez,False
0.3486975133419037,Nicole_Kidman,Aleksander_Voloshin,False
0.2957994341850281,Choi_Sung-hong,Alessandra_Cerna,False
0.34328681230545044,Filippo_Inzaghi,Alessandro_Nesta,False
0.3159346878528595,Mohammed_Baqir_al-Hakim,Alex_Barros,False
0.42162200808525085,Andre_Agassi,Alex_Cabrera,False
0.369169682264328,Lou_Piniella,Alex_Cejka,False
0.37403011322021484,Andre_Agassi,Alex_Corretja,False
0.36229538917541504,Amanda_Bynes,Alex_Ferguson,False
0.3226972818374634,Pedro_Malan,Alex_Gonzalez,False
0.39136025309562683,Xavier_Malisse,Alex_Holmes,False
0.26668059825897217,Yasar_Yakis,Alex_King,False
0.30026692152023315,Howard_Dean,Alex_Popov,False
0.41354891657829285,Hugh_Grant,Alex_Wallau,False
0.3712894022464752,George_W_Bush,Alex_Zanardi,False
0.3643135130405426,Angelina_Jolie,Alexa_Loren,False
0.36670252680778503,Norah_Jones,Alexa_Vega,False
0.30945703387260437,Bulent_Ecevit,Alexander_Lukashenko,False
0.34004369378089905,Adrien_Brody,Alexander_Payne,False
0.3207419514656067,Vicente_Fox,Alexander_Rumyantsev,False
0.29357343912124634,Anna_Kournikova,Alexandra_Jackson,False
0.36250245571136475,Caroline_Kennedy,Alexandra_Pelosi,False
0.31916019320487976,Mary_Landrieu,Alexandra_Rozovskaya,False
0.3783004581928253,Anastasia_Myskina,Alexandra_Spann,False
0.3299318253993988,Maria_Shriver,Alexandra_Vodjanikova,False
0.31868046522140503,Ali_Naimi,Alexandre_Daigle,False
0.3553096055984497,Alvaro_Noboa,Alexandre_Despatie,False
0.34439748525619507,Ernie_Els,Alexandre_Herchcovitch,False
0.3280445635318756,Carolina_Kluft,Alexandre_Vinokourov,False
0.32388079166412354,Mitchell_Daniels,Alexis_Bledel,False
0.29749441146850586,Heidi_Klum,Alfonso_Cuaron,False
0.36064302921295166,Felipe_Perez_Roque,Alfonso_Portillo,False
0.3157413601875305,Scott_McClellan,Alfonso_Soriano,False
0.35715416073799133,John_Ashcroft,Alfred_Sant,False
0.3554156720638275,Binyamin_Ben-Eliezer,Alfredo_Moreno,False
0.4142257869243622,Romano_Prodi,Alfredo_Pena,False
0.3412295877933502,Jean_Chretien,Alfredo_di_Stefano,False
0.3828175663948059,John_Mayer,Ali_Abdullah_Saleh,False
0.2997828722000122,Mahmoud_Abbas,Ali_Adbul_Karim_Madani,False
0.31900784373283386,Luiz_Inacio_Lula_da_Silva,Ali_Ahmeti,False
0.4108556807041168,Samuel_Waksal,Ali_Bin_Hussein,False
0.37523648142814636,Kamal_Kharrazi,Ali_Fallahian,False
0.332271546125412,Jennifer_Garner,Ali_Hammoud,False
0.3213171064853668,John_Paul_II,Ali_Mohammed_Maher,False
0.3496677279472351,Paula_Radcliffe,Alice_Fisher,False
0.3636590540409088,Elena_Bovina,Alicia_Hollowell,False
0.3815906345844269,Alexandra_Stevenson,Alicia_Keys,False
0.3043368458747864,Jack_Straw,Alicia_Molik,False
0.3935149013996124,Rita_Wilson,Alicia_Silverstone,False
0.36124634742736816,Winona_Ryder,Alicia_Witt,False
0.32462573051452637,Nicanor_Duarte_Frutos,Alimzhan_Tokhtakhounov,False
0.3579132556915283,Akhmed_Zakayev,Alina_Kabaeva,False
0.29155024886131287,Alex_Sink,Aline_Chretien,False
0.313622385263443,Elizabeth_Smart,Alisha_Richman,False
0.32475441694259644,Clara_Harris,Alison_Krauss,False
0.30120235681533813,Prince_Charles,Alison_Lohman,False
0.37977173924446106,Art_Howe,Allan_Houston,False
0.32238641381263733,Vicente_Fox,Allan_Kemakeza,False
0.34940361976623535,Wu_Yi,Allan_Wagner,False
0.4698050022125244,Keith_Bogans,Allen_Iverson,False
0.3797036409378052,Colin_Montgomerie,Allen_Rock,False
0.3800674378871918,Clay_Aiken,Allison_Janney,False
0.3602750897407532,Kalpana_Chawla,Allison_Searing,False
0.3816385865211487,Tom_Crean,Ally_Sheedy,False
0.38987043499946594,Alexander_Downer,Alma_Powell,False
0.3293636441230774,Kate_Winslet,Almeida_Baptista,False
0.3152201473712921,Michael_Jordan,Alonzo_Mourning,False
0.3935476243495941,Rita_Grande,Aly_Wagner,False
0.3192174434661865,Heather_Mills,Alyse_Beaupre,False
0.3255099058151245,Barbara_Walters,Alyson_Hannigan,False
0.37194132804870605,Maria_Shriver,Amanda_Beard,False
0.343661904335022,Elena_Bovina,Amanda_Coetzer,False
0.3814726173877716,Lisa_Marie_Presley,Amanda_Marsh,False
0.3886615037918091,Lucio_Gutierrez,Amanda_Plumer,False
0.4105968177318573,Sharon_Stone,Amber_Frey,False
0.3422259986400604,Tom_Harkin,Amber_Tamblyn,False
0.3460310399532318,Tung_Chee-hwa,Ambrose_Lee,False
0.2907353937625885,Martha_Lucia_Ramirez,Amporn_Falise,False
0.3601069748401642,Fernando_Henrique_Cardoso,Amr_Moussa,False
0.3576221168041229,Mahmoud_Abbas,Amram_Mitzna,False
0.3434433043003082,Jennifer_Lopez,Amy_Brenneman,False
0.3558018207550049,Bulent_Ecevit,Amy_Cotton,False
0.42550572752952576,Monica_Seles,Amy_Gale,False
0.4837968051433563,Laura_Bush,Amy_Pascal,False
0.3614766001701355,Jodie_Foster,Amy_Redford,False
0.4135648012161255,Kristanna_Loken,Amy_Smart,False
0.3597896993160248,Heidi_Fleiss,Amy_Yasbeck,False
0.343142569065094,Hamid_Karzai,AnFernce_Negron,False
0.3518359065055847,Alexandra_Stevenson,Ana_Claudia_Talancon,False
0.3454172611236572,Rick_Pitino,Ana_Isabel_Sanchez,False
0.3809300661087036,Carrie-Anne_Moss,Ana_Paula_Gerard,False
0.3478587865829468,Ron_Dittemore,Ana_Sebastiao,False
0.33814215660095215,Paul_Wolfowitz,Anastasia_Kelesidou,False
0.34307876229286194,Jonathan_Edwards,Anatoliy_Kinakh,False
0.3066471815109253,Richard_Virenque,Anderson_Varejao,False
0.31264784932136536,Giuseppe_Gibilisco,Andre_Bucher,False
0.39059576392173767,Iain_Duncan_Smith,Andre_Smith,False
0.3770778179168701,Alan_Greenspan,Andre_Techine,False
0.32547351717948914,Juanes,Andrea_Bocelli,False
0.32671231031417847,John_Allen_Muhammad,Andrea_Kiser,False
0.30522778630256653,Mark_Philippoussis,Andrea_Yates,False
0.3562160134315491,Eduardo_Duhalde,Andreas_Vinciguerra,False
0.368206262588501,Fernando_Henrique_Cardoso,Andrei_Konchalovsky,False
0.38079190254211426,Javier_Weber,Andrei_Mikhnevich,False
0.33634307980537415,Chan_Gailey,Andrei_Nikolishin,False
0.3401174545288086,Vladimir_Spidla,Andres_DAlessandro,False
0.3501749336719513,Mariah_Carey,Andres_Manuel_Lopez_Obrador,False
0.3791974186897278,Silvio_Berlusconi,Andres_Pastrana,False
0.37546810507774353,Bill_Gates,Andrew_Bernard,False
0.3719915747642517,Kim_Yong-il,Andrew_Bunner,False
0.41874101758003235,Robert_Duvall,Andrew_Caldecott,False
0.40676507353782654,Federico_Trillo,Andrew_Cuomo,False
0.35790836811065674,Ciro_Gomes,Andrew_Fastow,False
0.4386155605316162,Joe_Nichols,Andrew_Firestone,False
0.3644914925098419,Robert_Duvall,Andrew_Gilligan,False
0.4059634506702423,Tony_Stewart,Andrew_Jarecki,False
0.3655528426170349,Rick_Carlisle,Andrew_Luster,False
0.3055659234523773,Rubens_Barrichello,Andrew_Sabey,False
0.34688398241996765,Clint_Eastwood,Andrew_Shutley,False
0.2809617817401886,Masum_Turker,Andrew_Wetzler,False
0.3730030655860901,Fred_Eckhard,Andrzej_Tyszkiewicz,False
0.35591885447502136,Richard_Virenque,Andy_Benes,False
0.4390631914138794,Richard_Virenque,Andy_Bryant,False
0.3547608554363251,Tim_Allen,Andy_Dick,False
0.3238023817539215,Jake_Gyllenhaal,Andy_Garcia,False
0.31908369064331055,Charles_Taylor,Andy_Graves,False
0.3475683033466339,Tony_Blair,Andy_Griffith,False
0.4272371232509613,Rob_Lowe,Andy_Griggs,False
0.3641189634799957,Tony_Stewart,Andy_Hebb,False
0.3670828938484192,Kevin_Costner,Andy_Madikians,False
0.3693161904811859,Jon_Gruden,Andy_North,False
0.33843138813972473,Scott_McClellan,Andy_Perez,False
0.3412189483642578,Robert_Blake,Andy_Rooney,False
0.43879345059394836,Richard_Gere,Andy_Warhol,False
0.3084861636161804,Osama_bin_Laden,Andy_Wisecarver,False
0.4168291985988617,Ray_Romano,Anette_Hosoi,False
0.3286426365375519,Francisco_Flores,Angel_Lockward,False
0.355624258518219,Jennifer_Garner,Angela_Alvarado_Rosa,False
0.37330928444862366,Muhammad_Saeed_al-Sahhaf,Angela_Lansbury,False
0.3221682012081146,Susan_Sarandon,Angela_Mascia-Frye,False
0.35367026925086975,Michael_Jackson,Angelica_Romero,False
0.3668333888053894,Mohammed_Al-Douri,Angelo_Genova,False
0.2817237079143524,Nia_Vardalos,Angie_Arzola,False
0.3296830356121063,Antonio_Banderas,Anil_Ramsook,False
0.34281784296035767,Queen_Latifah,Anita_DeFrantz,False
0.42281797528266907,Diana_Munz,Anja_Paerson,False
0.35768750309944153,John_Paul_II,Anjum_Hussain,False
0.2929287850856781,Mike_Martz,Ann_Godbehere,False
0.42601895332336426,Edwina_Currie,Ann_Landers,False
0.3459877371788025,Natalie_Maines,Ann_Morgan,False
0.35034120082855225,Lisa_Marie_Presley,Anna_Chicherova,False
0.38696667551994324,Christine_Baumgartner,Anna_Faris,False
0.37506285309791565,William_Donaldson,Anna_Nicole_Smith,False
0.3815978169441223,JK_Rowling,Anne_Cavers,False
0.49196088314056396,Christine_Todd_Whitman,Anne_Donovan,False
0.35844534635543823,Cate_Blanchett,Anne_Heche,False
0.30178532004356384,Monica_Seles,Anne_ONeil,False
0.3339878022670746,Paul_Tagliabue,Anneli_Jaatteenmaki,False
0.38688021898269653,Maria_Soledad_Alvear_Valenzuela,Annette_Bening,False
0.33656084537506104,Elizabeth_Dole,Annie-Jeanne_Reynaud,False
0.40297913551330566,Geraldine_Chaplin,Annie_Chaplin,False
0.3014477789402008,Christina_Aguilera,Annie_Machon,False
0.3132709562778473,Amelie_Mauresmo,Annika_Sorenstam,False
0.3399767279624939,Bob_Huggins,Antanas_Valionis,False
0.2877839207649231,Vincent_Brooks,Anthony_Carter,False
0.33766788244247437,Thomas_Rupprath,Anthony_Corso,False
0.30930855870246887,Nicanor_Duarte_Frutos,Anthony_Ervin,False
0.3098871409893036,Marco_Antonio_Barrera,Anthony_Fauci,False
0.33916419744491577,Fabrice_Santoro,Anthony_Garotinho,False
0.30281147360801697,Vincent_Brooks,Anthony_Hazen,False
0.34787818789482117,Chen_Shui-bian,Anthony_Hopkins,False
0.4003075957298279,Eduardo_Duhalde,Anthony_LaPaglia,False
0.30137723684310913,Javier_Solana,Anthony_Lee_Johnson,False
0.32107287645339966,Steven_Spielberg,Anthony_Mazur,False
0.34095725417137146,Hun_Sen,Anthony_Pico,False
0.38187557458877563,Paul_Bremer,Anthony_Pisciotti,False
0.3352969288825989,Tom_Harkin,Anthony_Principi,False
0.33226528763771057,Bill_Paxton,Anthony_Rackauckas,False
0.30632147192955017,John_Bolton,Anthony_Scott_Miller,False
0.3102077841758728,Ludivine_Sagnier,Antje_Buschschulte,False
0.3234770894050598,Christine_Todd_Whitman,Anton_Balasingham,False
0.347059041261673,Jacques_Rogge,Antonio_Bernardo,False
0.3262825906276703,Pedro_Almodovar,Antonio_Cassano,False
0.32319003343582153,Bill_Clinton,Antonio_Catania,False
0.30856868624687195,Venus_Williams,Antonio_Elias_Saca,False
0.3158615827560425,Vojislav_Kostunica,Antwun_Echols,False
0.41856250166893005,Hun_Sen,Anwar_Ibrahim,False
0.3315120339393616,Tony_Shalhoub,Anzori_Kikalishvili,False
0.33905136585235596,Kim_Dae-jung,Aparna_Pillai,False
0.3554125726222992,Brad_Garrett,Aram_Adler,False
0.379903107881546,Jennifer_Capriati,Arantxa_Sanchez-Vicario,False
0.28533703088760376,Toni_Braxton,Aretha_Franklin,False
0.3197736144065857,Lucio_Gutierrez,Ari_Bousbib,False
0.3482058644294739,Bill_Clinton,Arie_Haan,False
0.34648364782333374,Alvaro_Noboa,Arif_Mardin,False
0.35333409905433655,Diana_Krall,Armand_Sargen,False
0.35243043303489685,Recep_Tayyip_Erdogan,Armando_Avila_Panchame,False
0.3499565124511719,Alejandro_Toledo,Armando_Calderon_Sol,False
0.2882254421710968,Halle_Berry,Armando_Carrillo,False
0.391684889793396,Roger_Federer,Arnaud_Clement,False
0.34829267859458923,Venus_Williams,Arnaud_Lagardere,False
0.351344496011734,Elizabeth_Smart,Arnie_Boehm,False
0.33550766110420227,Bill_Frist,Arnold_Scott,False
0.32753732800483704,George_Pataki,Aron_Ralston,False
0.2860880494117737,Helen_Clark,Arsinee_Khanjian,False
0.3928321599960327,Hans_Blix,Art_Cooper,False
0.2719579041004181,Hosni_Mubarak,Art_Hoffmann,False
0.34243372082710266,Saddam_Hussein,Art_Lopez,False
0.3322559595108032,Jason_Kidd,Arthur_Johnson,False
0.33525916934013367,Prince_Charles,Arthur_Martinez,False
0.3424103260040283,Queen_Latifah,Artieas_Shanks,False
0.36126500368118286,Gordon_Brown,Arye_Mekel,False
0.3634474277496338,Lee_Hoi-chang,Asa_Hutchinson,False
0.4328120946884155,Nicanor_Duarte_Frutos,Ascencion_Barajas,False
0.38929975032806396,Mike_Weir,Ashlea_Talbot,False
0.3173345625400543,Goldie_Hawn,Ashley_Judd,False
0.6734828948974609,Mary-Kate_Olsen,Ashley_Olsen,False
0.31627652049064636,Natalie_Coughlin,Ashley_Postell,False
0.42250004410743713,Herb_Sendek,Ashraf_Alasmar,False
0.3993324339389801,Aaron_Peirsol,Ashraf_Ghani,False
0.3273465931415558,Richard_Armitage,Asif_Hanif,False
0.3299601674079895,Li_Peng,Askar_Akayev,False
0.3075100779533386,Ricardo_Lagos,Asmaa_Assad,False
0.2995016276836395,John_Manley,Assad_Ahmadi,False
0.3245583176612854,Samuel_Waksal,Astou_Ndiaye-Diatta,False
0.35979458689689636,Caroline_Kennedy,Astrid_Betancourt,False
0.33060845732688904,Kamal_Kharrazi,Ataollah_Mohajerani,False
0.31429097056388855,Nelson_Mandela,Atiabet_Ijan_Amabel,False
0.34175804257392883,Paradorn_Srichaphan,Atsushi_Sato,False
0.3454150855541229,Edmund_Stoiber,Audrey_Lacroix,False
0.3291741609573364,Anastasia_Myskina,Audrey_Sauret,False
0.39642825722694397,Prince_Charles,Augusto_Pinochet,False
0.42862799763679504,Fernando_Henrique_Cardoso,Augusto_Roa_Bastos,False
0.33655139803886414,Ana_Palacio,Aung_San_Suu_Kyi,False
0.32644978165626526,Jean_Chretien,Austin_Kearns,False
0.368598997592926,Rachel_Hunter,Avril_Lavigne,False
0.31853145360946655,Bridget_Fonda,BB_King,False
0.3666462302207947,Joseph_Estrada,BJ_Habibie,False
0.28692227602005005,Joe_Torre,Babe_Ruth,False
0.3187713623046875,Yu_Shyi-kun,Bak_Chang-Ryun,False
0.3705092668533325,Sharon_Stone,Barbara_Bach,False
0.3255276381969452,Patty_Schnyder,Barbara_Becker,False
0.36100441217422485,Federico_Trillo,Barbara_Bodine,False
0.30899789929389954,Mary_Steenburgen,Barbara_Brezigar,False
0.4130174517631531,Angela_Merkel,Barbara_De_Brun,False
0.4138733446598053,Clay_Aiken,Barbara_Esbin,False
0.3393528163433075,Paul_McCartney,Barbara_Felt-Miller,False
0.40840011835098267,Sophia_Loren,Barbara_Roberts,False
0.3463835120201111,Renee_Zellweger,Barbora_Strycova,False
0.3283368945121765,Tim_Duncan,Barrett_Jackman,False
0.3831360340118408,John_Negroponte,Barry_Alvarez,False
0.3572336435317993,Mike_Tyson,Barry_Bonds,False
0.3161527216434479,William_Ford_Jr,Barry_Collier,False
0.3668828010559082,John_McCain,Barry_Diller,False
0.35278546810150146,Venus_Williams,Barry_Ford,False
0.3698699176311493,Marty_Mornhinweg,Barry_Hinson,False
0.35794779658317566,Harrison_Ford,Barry_Nakell,False
0.3249564468860626,Joe_Lieberman,Barry_Switzer,False
0.40839454531669617,Jean_Charest,Barry_Williams,False
0.31076571345329285,Juanes,Barry_Zito,False
0.33915019035339355,Clay_Aiken,Bart_Freundlich,False
0.3348058760166168,Marcelo_Salas,Bart_Hendricks,False
0.4139677882194519,Mark_Philippoussis,Bartosz_Kizierowski,False
0.4496983289718628,Mohamed_ElBaradei,Barzan_al-Tikriti,False
0.33114200830459595,Edmund_Stoiber,Basdeo_Panday,False
0.35266414284706116,Scott_Peterson,Baz_Luhrmann,False
0.3425910174846649,Isabella_Rossellini,Beatriz_Merino,False
0.31391122937202454,Hans_Blix,Beecher_Ray_Kirby,False
0.32796618342399597,Yoko_Ono,Begum_Khaleda_Zia,False
0.4007507860660553,Raoul_Ruiz,Bela_Karolyi,False
0.3187066614627838,Heather_Mills,Ben_Betts,False
0.3601132333278656,Paul_Martin,Ben_Braun,False
0.3497750163078308,Tommy_Haas,Ben_Broussard,False
0.37519094347953796,Carlos_Moya,Ben_Cahoon,False
0.4658588171005249,Bill_Gates,Ben_Chandler,False
0.31228113174438477,Wang_Yingfan,Ben_Cohen,False
0.31044161319732666,Matt_Damon,Ben_Davis,False
0.3930542469024658,Edmund_Stoiber,Ben_Kingsley,False
0.31804847717285156,Zico,Ben_Lee,False
0.3249047100543976,Matt_Doherty,Ben_Stein,False
0.33486315608024597,Lucy_Liu,Ben_Wallace,False
0.3483927845954895,Mike_Myers,Benedita_da_Silva,False
0.34998518228530884,Leonardo_DiCaprio,Benicio_Del_Toro,False
0.35643067955970764,Ricardo_Sanchez,Benito_Santiago,False
0.3268239498138428,George_Galloway,Benjamin_Bratt,False
0.3381684720516205,Nan_Wang,Benjamin_Franklin,False
0.3846704065799713,Carlos_Menem,Benjamin_Martinez,False
0.3497839570045471,Ashanti,Benjamin_McKenzie,False
0.356301873922348,Natalie_Maines,Benjamin_Neulander,False
0.3343190848827362,Al_Gore,Bernard_Ebbers,False
0.36911433935165405,Mahathir_Mohamad,Bernard_Giraudeau,False
0.3166586458683014,Iain_Duncan_Smith,Bernard_Kerik,False
0.4173586368560791,Bob_Huggins,Bernard_Lord,False
0.3394559323787689,Hillary_Clinton,Bernard_Siegel,False
0.3197286128997803,Abdoulaye_Wade,Bernice_Wong,False
0.29645058512687683,Bill_Paxton,Bertrand_Bonello,False
0.3479120135307312,Geoff_Hoon,Bertrand_Delanoe,False
0.3304142653942108,Doris_Schroeder,Beth_Blough,False
0.351705402135849,Lucy_Liu,Beth_Jones,False
0.36458495259284973,Nathalie_Baye,Betsy_Coffin,False
0.4697483777999878,Maria_Shriver,Betsy_Smith,False
0.33485811948776245,Calista_Flockhart,Bettina_Rheims,False
0.3951534032821655,Jennifer_Keller,Betty_Garrison,False
0.4597349762916565,Angela_Merkel,Betty_Williams,False
0.32982969284057617,Ashanti,Beyonce_Knowles,False
0.3917396664619446,Sophia_Loren,Bianca_Jagger,False
0.39105576276779175,Pete_Sampras,Bilal_Erdogan,False
0.37958812713623047,Bill_McBride,Bill_Belichick,False
0.367654949426651,Jack_Nicholson,Bill_Bradley,False
0.3446667492389679,Franz_Muentefering,Bill_Butler,False
0.34012293815612793,Sourav_Ganguly,Bill_Byrne,False
0.39205363392829895,Heinz_Feldmann,Bill_Carmody,False
0.3252507448196411,Roberto_Carlos,Bill_Cartwright,False
0.39519715309143066,Keanu_Reeves,Bill_Clancy,False
0.4294223189353943,Bill_Simon,Bill_Curry,False
0.4707588255405426,Bill_McBride,Bill_Doba,False
0.3793685734272003,Jack_Straw,Bill_Duffey,False
0.4118548035621643,Robert_Mueller,Bill_Elliott,False
0.36623427271842957,Bill_McBride,Bill_Fennelly,False
0.3494432866573334,Tony_Stewart,Bill_Guerin,False
0.33604857325553894,Mitchell_Daniels,Bill_Herrion,False
0.3380644619464874,Noah_Wyle,Bill_Hughes,False
0.30566537380218506,Jim_Furyk,Bill_Kollar,False
0.3608265221118927,Jong_Wook_Lee,Bill_Kong,False
0.33145105838775635,Dave_Campo,Bill_Lerach,False
0.2934257984161377,Jon_Gruden,Bill_Maher,False
0.34952205419540405,Robert_De_Niro,Bill_Mauldin,False
0.40265023708343506,Roger_Moore,Bill_Nelson,False
0.4265444576740265,Tommy_Thompson,Bill_OReilly,False
0.4641510844230652,Colin_Montgomerie,Bill_Parcells,False
0.30849355459213257,Bob_Huggins,Bill_Parsons,False
0.34493184089660645,Mark_Wahlberg,Bill_Pryor,False
0.39423099160194397,Javier_Solana,Bill_Rainer,False
0.38453367352485657,Yasar_Yakis,Bill_Readdy,False
0.3973688781261444,Jose_Manuel_Durao_Barroso,Bill_Richardson,False
0.3559606075286865,Sadie_Frost,Bill_Self,False
0.33721408247947693,Hugo_Chavez,Bill_Sizemore,False
0.3576989471912384,Matthew_Broderick,Bill_Stapleton,False
0.2939077317714691,Paul_Wolfowitz,Bill_Stein,False
0.36144527792930603,James_Kelly,Bill_Walton,False
0.37230217456817627,Mike_Weir,Billy_Andrade,False
0.41968685388565063,Rick_Perry,Billy_Beane,False
0.37174445390701294,Bono,Billy_Bob_Thornton,False
0.3076144754886627,Franz_Muentefering,Billy_Boyd,False
0.3111385405063629,Luis_Ernesto_Derbez_Bautista,Billy_Crawford,False
0.3750910460948944,Stanley_McChrystal,Billy_Donovan,False
0.3951108157634735,Tiger_Woods,Billy_Edelin,False
0.36907657980918884,Carly_Fiorina,Billy_Gilman,False
0.35142266750335693,Mike_Martz,Billy_Graham,False
0.40982818603515625,Mohammed_Baqir_al-Hakim,Billy_Joel,False
0.3226495087146759,Joseph_Deiss,Billy_Rork,False
0.285711407661438,Valentino_Rossi,Billy_Sollie,False
0.32488152384757996,Scott_Peterson,Billy_Tibbets,False
0.29138997197151184,Alastair_Campbell,Bing_Crosby,False
0.34869667887687683,Vincent_Brooks,Bison_Dele,False
0.371679425239563,Anastasia_Myskina,Bixente_LIzarazu,False
0.30841147899627686,John_Ashcroft,Blas_Ople,False
0.4459918141365051,Gwyneth_Paltrow,Blythe_Danner,False
0.36395353078842163,Kim_Clijsters,Blythe_Hartley,False
0.40722790360450745,Greg_Rusedski,Bo_Pelini,False
0.42242130637168884,Jim_Hahn,Bo_Ryan,False
0.3212086260318756,Gonzalo_Sanchez_de_Lozada,Bob_Alper,False
0.34345653653144836,George_W_Bush,Bob_Beauprez,False
0.33927085995674133,Jacques_Rogge,Bob_Bowlsby,False
0.34589511156082153,Vanessa_Incontrada,Bob_Cantrell,False
0.35633113980293274,Juan_Pablo_Montoya,Bob_Colvin,False
0.355455219745636,Fernando_Gonzalez,Bob_Crippen,False
0.3298039436340332,Albert_Costa,Bob_Curtis,False
0.35251086950302124,Gunter_Pleuger,Bob_Eskridge,False
0.31882792711257935,Michael_Bloomberg,Bob_Ferguson,False
0.33002641797065735,Victoria_Clarke,Bob_Geldof,False
0.3701394498348236,Wayne_Gretzky,Bob_Goldman,False
0.35760363936424255,Faye_Dunaway,Bob_Guccione,False
0.35210779309272766,Adam_Sandler,Bob_Hartley,False
0.3003423810005188,Emanuel_Ginobili,Bob_Hayes,False
0.3319470286369324,Igor_Ivanov,Bob_Herz,False
0.42426368594169617,Marty_Mornhinweg,Bob_Holden,False
0.3470580577850342,Bob_Stoops,Bob_Iger,False
0.3557431399822235,Ken_Macha,Bob_Krueger,False
0.33999818563461304,Jim_Furyk,Bob_Melvin,False
0.34128543734550476,Anne_McLellan,Bob_Menendez,False
0.3692503869533539,Rudolph_Giuliani,Bob_Newhart,False
0.3249926269054413,Padraig_Harrington,Bob_Petrino,False
0.38958242535591125,Robert_Torricelli,Bob_Sulkin,False
0.3890071213245392,Norm_Coleman,Bob_Taft,False
0.30132484436035156,Robert_Bonner,Bob_Wright,False
0.38308435678482056,Matthew_Perry,Bobby_Bowden,False
0.31974199414253235,Alejandro_Toledo,Bobby_Goldwater,False
0.3127327561378479,Javier_Weber,Bobby_Jackson,False
0.41133975982666016,Rainer_Schuettler,Bobby_Kielty,False
0.3324507176876068,George_Voinovich,Bobby_Robson,False
0.31940627098083496,Aicha_El_Ouafi,Bobo_Balde,False
0.3213605582714081,Eduardo_Duhalde,Bode_Miller,False
0.2933102250099182,Halle_Berry,Bonnie_Fuller,False
0.3628666400909424,Clara_Harris,Bonnie_Hunt,False
0.35108673572540283,Zhu_Rongji,Boris_Henry,False
0.38552340865135193,Dean_Barkley,Boris_Jordan,False
0.3543369472026825,Carlos_Vives,Boris_Trajkovski,False
0.39453962445259094,Alexander_Downer,Boris_Yeltsin,False
0.35730159282684326,Alan_Greenspan,Boutros_Boutros_Ghali,False
0.32714560627937317,John_Snow,Brad_Alexander_Smith,False
0.37283650040626526,Hilary_Duff,Brad_Banks,False
0.3338835835456848,Martina_McBride,Brad_Brownell,False
0.36730465292930603,Geoff_Hoon,Brad_Gushue,False
0.3423539400100708,Scott_Peterson,Brad_Miller,False
0.370890349149704,Fernando_Gonzalez,Brad_Pitt,False
0.36970293521881104,Ernie_Els,Brad_Russ,False
0.44354233145713806,George_Pataki,Brad_Smith,False
0.4158109724521637,Anna_Kournikova,Brady_Rodgers,False
0.3453840911388397,William_Bulger,Brajesh_Mishra,False
0.39766108989715576,Steve_Nash,Brandon_Boyd,False
0.3099915087223053,Megawati_Sukarnoputri,Brandon_Fails,False
0.33788979053497314,Tiger_Woods,Brandon_Hammond,False
0.2943865954875946,Ralf_Schumacher,Brandon_Inge,False
0.3196539282798767,Juanes,Brandon_Jones,False
0.3283185064792633,Rebecca_Romijn-Stamos,Brandon_Knight,False
0.3405091464519501,Jennifer_Capriati,Brandon_Larson,False
0.30967196822166443,Tim_Robbins,Brandon_Lloyd,False
0.36164239048957825,John_Allen_Muhammad,Brandon_Robinson,False
0.46444278955459595,Ray_Allen,Brandon_Spann,False
0.3824103772640228,Calista_Flockhart,Brandon_Webb,False
0.29648712277412415,Tom_Ridge,Brawley_King,False
0.3135019838809967,Trent_Lott,Brenda_Magana,False
0.3220958411693573,Robert_Blake,Brenda_Wilson,False
0.3795929551124573,Richard_Gephardt,Brenda_van_Dam,False
0.3667928874492645,Tom_Hanks,Brendan_Fraser,False
0.40140071511268616,Rick_Stansbury,Brendan_Gaughan,False
0.3072052299976349,David_Beckham,Brendan_Hansen,False
0.3030525743961334,Vicente_Fernandez,Brendan_Stai,False
0.3345280587673187,Sean_Patrick_OMalley,Brennon_Leighton,False
0.35990554094314575,Hu_Jintao,Brent_Coles,False
0.40332868695259094,Harry_Schmidt,Brett_Boone,False
0.35760921239852905,Matt_Doherty,Brett_Hawke,False
0.37682414054870605,Boris_Becker,Brett_Hull,False
0.30093324184417725,Diana_Krall,Brett_Perry,False
0.3397514224052429,Jacques_Rogge,Brian_Billick,False
0.3406490087509155,Tony_Stewart,Brian_Campbell,False
0.28050366044044495,Conchita_Martinez,Brian_Cashman,False
0.29917192459106445,Richard_Gere,Brian_Clemens,False
0.3291536569595337,Hamid_Karzai,Brian_Cook,False
0.38367795944213867,Colin_Powell,Brian_Cowen,False
0.3475567698478699,Ricardo_Lagos,Brian_De_Palma,False
0.3767046630382538,Michael_Douglas,Brian_Grazier,False
0.3857043981552124,Michael_Douglas,Brian_Gregory,False
0.3461279571056366,Oscar_De_La_Hoya,Brian_Griese,False
0.3840177357196808,Tom_Cruise,Brian_Heidik,False
0.3978974521160126,Mike_Krzyzewski,Brian_Henson,False
0.2878035008907318,Conan_OBrien,Brian_Jordan,False
0.34921014308929443,Jacques_Chirac,Brian_Kerr,False
0.32152605056762695,Jake_Gyllenhaal,Brian_Lara,False
0.3285917639732361,Michael_Chiklis,Brian_McIntyre,False
0.3549915850162506,Tom_Crean,Brian_Meadors,False
0.32274729013442993,Joseph_Biden,Brian_Mulroney,False
0.3576661944389343,Francisco_Flores,Brian_Olson,False
0.2837863862514496,Bill_Graham,Brian_Pavlich,False
0.38811689615249634,Rainer_Schuettler,Brian_Scalabrine,False
0.3025366961956024,Marty_Mornhinweg,Brian_Schneider,False
0.32936805486679077,Mitchell_Daniels,Brian_StPierre,False
0.3686942756175995,Lucy_Liu,Brian_Van_Dusen,False
0.3169220983982086,Russell_Simmons,Brian_Weaver,False
0.4515380263328552,Scott_Peterson,Brian_Wells,False
0.33309870958328247,Zhang_Ziyi,Brian_Williams,False
0.326068639755249,Pamela_Anderson,Brigitte_Boisselier,False
0.31755268573760986,Mary-Kate_Olsen,Brittany_Snow,False
0.4357352554798126,Sebastian_Saja,Brock_Berlin,False
0.33361512422561646,Monica_Bellucci,Bronson_Arroyo,False
0.3615625202655792,Edmund_Hillary,Brook_Robinson,False
0.3487556278705597,Cindy_Crawford,Brooke_Adams,False
0.38544344902038574,Noelle_Bush,Brooke_Gordon,False
0.4022364616394043,Spencer_Abraham,Brooke_Shields,False
0.35996776819229126,Greg_Rusedski,Bruce_Arena,False
0.38841018080711365,Rick_Stansbury,Bruce_Gebhardt,False
0.35958540439605713,Benjamin_Netanyahu,Bruce_Lunsford,False
0.3507481515407562,Colin_Powell,Bruce_Van_De_Velde,False
0.3506982624530792,Paul_Tagliabue,Bruce_Weber,False
0.31318199634552,Susilo_Bambang_Yudhoyono,Bruce_Willis,False
0.40381476283073425,Silvia_Farina_Elia,Bruna_Colosio,False
0.3107721507549286,Augustin_Calleri,Bruno_Junquiera,False
0.3446430265903473,Mike_Myers,Bryan_Adams,False
0.31363388895988464,Lucy_Liu,Bryan_Chui,False
0.3818393349647522,Alvaro_Uribe,Bryan_Cooley,False
0.36111685633659363,John_McCain,Bryan_Murray,False
0.3459654748439789,Hosni_Mubarak,Bryan_Thomas,False
0.3828803598880768,LeBron_James,Bryant_Young,False
0.41839003562927246,Bertie_Ahern,Bryce_Carmine,False
0.3438677191734314,Sepp_Blatter,Buck_Rodgers,False
0.4031682014465332,Arlen_Specter,Budd_Schulberg,False
0.315639466047287,Jan_Ullrich,Buddy_Ryan,False
0.38867446780204773,John_Ashcroft,Buford_Blount,False
0.38097962737083435,Jay_Garner,Bustam_A_Zedan_Aljanabi,False
0.42925482988357544,Jim_Tressel,Butch_Davis,False
0.3895343542098999,Raoul_Ruiz,Buzz_Hargrove,False
0.3509133756160736,Keith_Bogans,Byron_Scott,False
0.3014177083969116,Edwina_Currie,Cabas,False
0.39808571338653564,Mike_Tyson,Calbert_Cheaney,False
0.38304662704467773,Vladimir_Spidla,Calvin_Harrison,False
0.3379242420196533,Steve_Ballmer,Calvin_Joseph_Coleman,False
0.3647328019142151,John_Paul_II,Camilla_Parker_Bowles,False
0.3295499384403229,Lucio_Gutierrez,Camille_Colvin,False
0.3859211504459381,Eileen_Coparropa,Camille_Lewis,False
0.3023519217967987,Osama_bin_Laden,Camryn_Manheim,False
0.33598390221595764,Anna_Kournikova,Candace_Sutton,False
0.31673452258110046,Faye_Dunaway,Candice_Beatty,False
0.3428167402744293,Sally_Field,Carey_Lowell,False
0.31187790632247925,Diana_Krall,Cari_Davis,False
0.3942566215991974,Cameron_Diaz,Carin_Koch,False
0.5105291604995728,Frank_Cassell,Carl_Levin,False
0.3382452428340912,Gene_Robinson,Carl_Pope,False
0.30267295241355896,Jennifer_Aniston,Carl_Reiner,False
0.3474927544593811,Tim_Henman,Carla_Gay_Balingit,False
0.3540579080581665,Carrie-Anne_Moss,Carla_Gugino,False
0.33683404326438904,Ian_Thorpe,Carla_Moreno,False
0.3929908573627472,William_Macy,Carla_Myers,False
0.34747934341430664,Elton_John,Carla_Tricoli,False
0.3154354393482208,Vojislav_Kostunica,Carlo_Azeglio_Ciampi,False
0.3691543936729431,Hu_Jintao,Carlos_Alberto,False
0.38960111141204834,Mike_Krzyzewski,Carlos_Alberto_Parreira,False
0.32422327995300293,Juan_Manuel_Marquez,Carlos_Arroyo,False
0.34412798285484314,Naji_Sabri,Carlos_Barra,False
0.30853912234306335,Marco_Antonio_Barrera,Carlos_Barragan,False
0.34654444456100464,James_Blake,Carlos_Beltran,False
0.3384421467781067,Nabil_Shaath,Carlos_Bianchi,False
0.33294615149497986,Juan_Pablo_Montoya,Carlos_De_Abreu,False
0.3801758587360382,Hipolito_Mejia,Carlos_Fasciolo,False
0.3441767692565918,Jean-Francois_Pontal,Carlos_Ghosn,False
0.30960613489151,David_Wells,Carlos_Iturgaitz,False
0.34225133061408997,Daniel_Day-Lewis,Carlos_Juarez,False
0.3055952787399292,Bob_Huggins,Carlos_Lordkipanitse,False
0.31209230422973633,Xanana_Gusmao,Carlos_Mesa,False
0.4011037051677704,Antony_Leung,Carlos_Paternina,False
0.35360413789749146,Fernando_Henrique_Cardoso,Carlos_Queiroz,False
0.3129938244819641,Muhammad_Ali,Carlos_Quintanilla_Schmidt,False
0.7659645080566406,Eduardo_Duhalde,Carlos_Ruckauf,False
0.36281436681747437,Sourav_Ganguly,Carlton_Baugh,False
0.33662453293800354,Charles_Taylor,Carlton_Dotson,False
0.372363418340683,Jennifer_Capriati,Carly_Gullickson,False
0.32358309626579285,Stockard_Channing,Carol_Burnett,False
0.3705330193042755,Norm_Coleman,Carol_Carmody,False
0.32104772329330444,Queen_Latifah,Carol_Moseley_Braun,False
0.3353045582771301,Christine_Baumgartner,Carol_Niedermayer,False
0.34576210379600525,Laura_Bush,Carol_Williams,False
0.3809228837490082,Anastasia_Myskina,Carolina_Moraes,False
0.40988001227378845,Patty_Schnyder,Caroline_Dhavernas,False
0.3127691447734833,Mike_Martz,Caroline_Link,False
0.3086143136024475,Mitchell_Daniels,Carolyn_Kuhl,False
0.3554556965827942,Robbie_Williams,Carson_Daly,False
0.3444232642650604,Paula_Radcliffe,Casey_Crowder,False
0.35218971967697144,Matthew_Broderick,Casey_Mears,False
0.3576483130455017,Ricardo_Lagos,Cass_Ballenger,False
0.28845298290252686,Ludivine_Sagnier,Cassandra_Heise,False
0.33248499035835266,Erika_Harold,Casy_Preslar,False
0.37809449434280396,Tony_Stewart,Catherine_Bell,False
0.29677537083625793,Paul_McCartney,Catherine_Donkers,False
0.28932809829711914,Abdoulaye_Wade,Catherine_Ndereba,False
0.35143113136291504,Gordon_Brown,Catherine_Woodard,False
0.3225943148136139,John_Bolton,Cathryn_Crawford,False
0.32906004786491394,Tim_Duncan,Cathy_Chisholm,False
0.3910405933856964,Woody_Allen,Cathy_Cunningham,False
0.3203454911708832,Jelena_Dokic,Cathy_Freeman,False
0.32884812355041504,Heidi_Klum,Catriona_Le_May_Doan,False
0.36394616961479187,Silvia_Farina_Elia,Cecile_de_France,False
0.3400200307369232,Ai_Sugiyama,Cecilia_Chang,False
0.3934932053089142,Michelle_Yeoh,Cecilia_Cheung,False
0.3355449438095093,Thaksin_Shinawatra,Cedric_Benson,False
0.39078062772750854,Thaksin_Shinawatra,Celia_Cruz,False
0.34656983613967896,John_Kerry,Celso_Amorim,False
0.37224480509757996,Pedro_Almodovar,Celso_Lafer,False
0.43597298860549927,William_Bratton,Cemil_Cicek,False
0.3558209538459778,Jacques_Chirac,Cesar_Maia,False
0.44423043727874756,Jeong_Se-hyun,Cha_Yung-gu,False
0.3504129648208618,Anders_Ebbeson,Chakib_Khelil,False
0.39953216910362244,Michael_Chang,Chan_Choi,False
0.3163655400276184,Martina_McBride,Chan_Ho_Park,False
0.3634558320045471,Ralf_Schumacher,Chance_Mock,False
0.43898454308509827,Janet_Napolitano,Chandrika_Kumaratunga,False
0.3191124200820923,Pedro_Malan,Chang_Dae-whan,False
0.365989625453949,Leonid_Kuchma,Chang_Jae_On,False
0.35269662737846375,Yoriko_Kawaguchi,Chang_Saio-yue,False
0.4365251362323761,Yoriko_Kawaguchi,Chang_Sang,False
0.3338475525379181,Antonio_Trillanes,Chang_Tso,False
0.4092157781124115,Patty_Schnyder,Chante_Jawan_Mallard,False
0.35141363739967346,Oscar_De_La_Hoya,Charla_Moye,False
0.3527616858482361,Kathleen_Kennedy_Townsend,Charlene_Barshefsky,False
0.32727575302124023,Sepp_Blatter,Charles_Bell,False
0.3274747431278229,Jose_Maria_Aznar,Charles_Chandler_IV,False
0.34047141671180725,John_Ashcroft,Charles_Cope,False
0.3730314373970032,George_Voinovich,Charles_Grassley,False
0.30277955532073975,David_Anderson,Charles_Holzner,False
0.32009121775627136,Geoff_Hoon,Charles_Ingram,False
0.3384091556072235,Charles_Bronson,Charles_Lebois,False
0.35971352458000183,Anders_Ebbeson,Charles_Mathews,False
0.3779715299606323,Bill_McBride,Charles_Pickering,False
0.3504783511161804,Juan_Carlos_Ferrero,Charles_Pouty,False
0.28501632809638977,Steve_Ballmer,Charles_Richardson,False
0.27980583906173706,Andy_Roddick,Charles_Rogers,False
0.3561294376850128,Costas_Simitis,Charles_Schumer,False
0.3503665626049042,Pierce_Brosnan,Charles_Tannok,False
0.3581434488296509,Jay_Garner,Charley_Armey,False
0.35855528712272644,Fernando_Henrique_Cardoso,Charlie_Coles,False
0.353961706161499,Gil_de_Ferran,Charlie_Garner,False
0.29577508568763733,Anna_Kournikova,Charlie_Hunnam,False
0.3103046417236328,Bob_Hope,Charlie_Sheen,False
0.35312995314598083,Sarah_Hughes,Charlie_Williams,False
0.3787531554698944,Juan_Pablo_Montoya,Charlie_Zaa,False
0.3840872347354889,Natalie_Maines,Charlize_Theron,False
0.3902744650840759,Sachiko_Yamada,Charlotte_Casiraghi,False
0.3570249378681183,Robert_Bonner,Charlotte_Chambers,False
0.3209192752838135,Ashanti,Charlotte_Church,False
0.3388872742652893,Angelina_Jolie,Charlotte_Rampling,False
0.3666909635066986,Sheryl_Crow,Charmaine_Crooks,False
0.31831473112106323,Tony_Shalhoub,Chawki_Armali,False
0.38506338000297546,Rita_Wilson,Chelsea_Clinton,False
0.34152817726135254,Win_Aung,Chen_Kaige,False
0.2872700095176697,Atal_Bihari_Vajpayee,Chen_Liang_Yu,False
0.26684269309043884,Lucio_Gutierrez,Chen_Tsai-chin,False
0.3477383255958557,Rachel_Hunter,Cherry_Jones,False
0.36783820390701294,Allyson_Felix,Cheryl_Ford,False
0.3427170217037201,Mariana_Pollack,Cheryl_James,False
0.2785508334636688,Sean_OKeefe,Cheryl_Little,False
0.325670063495636,Goldie_Hawn,Cheryl_Tiegs,False
0.3891129195690155,Tommy_Thompson,Chhouk_Rin,False
0.32142719626426697,Jim_Furyk,Chin-Feng_Chen,False
0.3479260802268982,Britney_Spears,Chin-Hui_Tsao,False
0.3523845672607422,George_Pataki,Chip_Burrus,False
0.346660315990448,Ahmed_Chalabi,Chip_Ganassi,False
0.37733933329582214,Bill_Simon,Chip_Knight,False
0.3114442527294159,David_Beckham,Chistian_Stahl,False
0.28373655676841736,Cherie_Blair,Chloe_Sevigny,False
0.3052871823310852,Jon_Voight,Cho_Myung-kyun,False
0.3220698833465576,Mohamed_ElBaradei,Choi_Yun-yong,False
0.6750390529632568,George_W_Bush,Chok_Tong_Goh,False
0.3560313582420349,Tom_Ridge,Chris_Andrews,False
0.313167005777359,Noah_Wyle,Chris_Bell,False
0.36238476634025574,Kirk_Johnson,Chris_Byrd,False
0.3634622395038605,John_Manley,Chris_Cirino,False
0.35317328572273254,Robert_Redford,Chris_Claiborne,False
0.3386494219303131,Jeb_Bush,Chris_Columbus,False
0.38620880246162415,David_Trimble,Chris_Cookson,False
0.34560635685920715,Ana_Guevara,Chris_Cooper,False
0.28189995884895325,Michael_Bloomberg,Chris_Cornell,False
0.3328632116317749,Tim_Duncan,Chris_Crocker,False
0.33551880717277527,Richard_Gephardt,Chris_Dodd,False
0.3050261437892914,Albert_Costa,Chris_Forsyth,False
0.3664001524448395,Jon_Gruden,Chris_Gratton,False
0.3464803993701935,Jonathan_Edwards,Chris_Hernandez,False
0.3547414541244507,Mary_Steenburgen,Chris_Klein,False
0.34553980827331543,Tommy_Haas,Chris_Kolanas,False
0.33514901995658875,Robert_Torricelli,Chris_Matthews,False
0.3298138976097107,Jiri_Novak,Chris_Neil,False
0.32192376255989075,Jose_Serra,Chris_Noth,False
0.35541030764579773,Mike_Martz,Chris_Penn,False
0.3208814263343811,Jeb_Bush,Chris_Pronger,False
0.34527328610420227,Jennifer_Capriati,Chris_Reitsma,False
0.39274054765701294,Megawati_Sukarnoputri,Chris_Rock,False
0.3007478415966034,Edward_Lu,Chris_Simon,False
0.39744246006011963,Heinz_Feldmann,Chris_Swecker,False
0.27619919180870056,Monica_Seles,Chris_Terry,False
0.34149277210235596,Amelie_Mauresmo,Chris_Thomas,False
0.3080393075942993,John_Snow,Chris_Tucker,False
0.32204243540763855,Jose_Manuel_Durao_Barroso,Chris_Whitney,False
0.32771703600883484,Colin_Farrell,Christian_Bale,False
0.39234092831611633,Rick_Pitino,Christian_Fittipaldi,False
0.35610926151275635,Hillary_Clinton,Christian_Gimenez,False
0.337746262550354,Rick_Carlisle,Christian_Lacroix,False
0.33251771330833435,Thabo_Mbeki,Christian_Lirette,False
0.2798665761947632,Chen_Shui-bian,Christian_Malcolm,False
0.342950701713562,Bill_Simon,Christian_Olsson,False
0.3641422688961029,Albert_Costa,Christian_Patino,False
0.30154773592948914,Edmund_Stoiber,Christian_Von_Wernich,False
0.40702885389328003,Harrison_Ford,Christian_Wulff,False
0.3275591731071472,Calista_Flockhart,Christiane_Wulff,False
0.37196189165115356,Angelina_Jolie,Christina_Sawaya,False
0.3802710771560669,Jennifer_Lopez,Christine_Arron,False
0.3432554304599762,Kristanna_Loken,Christine_Ebersole,False
0.322562038898468,Kelvin_Sampson,Christine_Rau,False
0.3852371573448181,David_Anderson,Christoph_Daum,False
0.3548137843608856,Eric_Robert_Rudolph,Christopher_Amolsch,False
0.33996978402137756,Carlos_Moya,Christopher_Conyers,False
0.36697012186050415,Juan_Manuel_Marquez,Christopher_Matero,False
0.34704163670539856,William_Ford_Jr,Christopher_Patten,False
0.3216279447078705,Bill_McBride,Christopher_Russell,False
0.32302698493003845,Jennifer_Capriati,Christopher_Speer,False
0.31778377294540405,Michael_Schumacher,Christopher_Whittle,False
0.3346434533596039,Ana_Palacio,Christy_Ferer,False
0.3458370268344879,Kate_Winslet,Christy_Turlington,False
0.3867674767971039,Thaksin_Shinawatra,Chuanyun_Li,False
0.3340097665786743,Christine_Todd_Whitman,Chuck_Amato,False
0.34969642758369446,Richard_Gephardt,Chuck_Bednarik,False
0.32005444169044495,Arnoldo_Aleman,Chuck_Eidson,False
0.3855796158313751,Tony_Stewart,Chuck_Finley,False
0.360287070274353,Zoran_Djindjic,Chuck_Hagel,False
0.37615537643432617,Harrison_Ford,Chuck_Woolery,False
0.3540186583995819,Toshihiko_Fukui,Chuck_Yeager,False
0.3834972679615021,Jeong_Se-hyun,Chung_Mong-hun,False
0.34806281328201294,Junichiro_Koizumi,Chung_Mong-joon,False
0.42586877942085266,Mikhail_Kasyanov,Chyung_Dai-chul,False
0.3799426555633545,Alejandro_Toledo,Ciaran_Hinds,False
0.33182650804519653,Claudia_Pechstein,Cindy_Klassen,False
0.37167835235595703,Julianne_Moore,Cindy_Margolis,False
0.36013883352279663,William_Macy,Cindy_Moll,False
0.3390239477157593,Mariangel_Ruiz_Torrealba,Cindy_Taylor,False
0.33027973771095276,Sheryl_Crow,Cindy_Zagorski,False
0.3236841857433319,Fidel_Castro,Claire_De_Gryse,False
0.3182832896709442,Ariel_Sharon,Claire_Hentzen,False
0.3453976511955261,Aicha_El_Ouafi,Claire_Leger,False
0.3441288471221924,Julianne_Moore,Claire_Tomalin,False
0.3602733016014099,Tom_Craddick,Clare_Latimer,False
0.39880919456481934,Costas_Simitis,Clark_Randt,False
0.3744523525238037,Thomas_OBrien,Claude_Jorda,False
0.37880897521972656,GL_Peiris,Claudette_Robinson,False
0.3725298047065735,Silvio_Berlusconi,Claudia_Coslovich,False
0.32322949171066284,Jennifer_Garner,Claudine_Farrell,False
0.37163472175598145,Valery_Giscard_dEstaing,Claudio_Abbado,False
0.355665922164917,Filippo_Inzaghi,Claudio_Lopez,False
0.3402045667171478,Mike_Krzyzewski,Claudio_Ranieri,False
0.30693769454956055,Michael_Bloomberg,Clay_Campbell,False
0.3284110724925995,Steve_Nash,Clemente_de_la_Vega,False
0.3789617717266083,Zico,Cliff_Ellis,False
0.3114427924156189,Abdoulaye_Wade,Clifford_Etienne,False
0.3371258080005646,Pete_Sampras,Clifford_Robinson,False
0.40205368399620056,John_Kerry,Clint_Howard,False
0.3825024366378784,Mike_Myers,Clint_Lamebear,False
0.3347628116607666,Erik_Morales,Clive_Woodward,False
0.3133283257484436,John_Paul_II,Coco_dEste,False
0.3151529133319855,Bob_Huggins,Cole_Chapman,False
0.35716068744659424,Jose_Serra,Coleen_Rowley,False
0.41776058077812195,James_Traficant,Colin_Campbell,False
0.36594071984291077,Justin_Leonard,Colin_Cowie,False
0.3098454475402832,Rick_Stansbury,Colin_Jackson,False
0.35357367992401123,Chan_Gailey,Colin_Phillips,False
0.33009785413742065,Elsa_Zylberstein,Colin_Prescot,False
0.3350188434123993,Justine_Pasek,Colleen_Atwood,False
0.3437371551990509,Megan_Mullally,Colleen_Jones,False
0.34526389837265015,Carly_Fiorina,Colleen_OClair,False
0.29126569628715515,Joe_Lieberman,Colleen_Ryan,False
0.299459308385849,Lennox_Lewis,Collis_Temple_III,False
0.35105377435684204,Mireya_Moscoso,Columba_Bush,False
0.36963701248168945,Jean_Chretien,Compay_Segundo,False
0.2997959554195404,Cindy_Crawford,Connie_Chung,False
0.3553013205528259,Gary_Carter,Connie_Freydell,False
0.33793503046035767,Bob_Graham,Conrad_Black,False
0.3587718904018402,Silvia_Farina_Elia,Cora_Cambell,False
0.36908552050590515,Naoto_Kan,Corey_Maggette,False
0.3279525339603424,Anastasia_Myskina,Cori_Enghusen,False
0.4360094964504242,Victoria_Clarke,Corinna_Harfouch,False
0.4033876061439514,Lucy_Liu,Corinne_Coman,False
0.36260801553726196,Jayson_Williams,Corliss_Williamson,False
0.3545641005039215,Joe_Torre,Cosmo_Iacavazzi,False
0.3457401692867279,Jodie_Foster,Courtney_Cox,False
0.3159986138343811,Sarah_Michelle_Gellar,Courtney_Love,False
0.3560091257095337,Joschka_Fischer,Craig_Burley,False
0.300779789686203,Kathleen_Kennedy_Townsend,Craig_David,False
0.3898087739944458,Anders_Ebbeson,Craig_Doblin,False
0.33503663539886475,Tommy_Thompson,Craig_Fitzgibbon,False
0.38193225860595703,Hugh_Grant,Craig_MacTavish,False
0.41104650497436523,Tony_Stewart,Craig_Morgan,False
0.28483912348747253,Robbie_Williams,Craig_OClair,False
0.38964009284973145,Matt_Dillon,Craig_Wilson,False
0.41443678736686707,Vladimir_Putin,Crandall_Bowles,False
0.346235990524292,Fabrice_Santoro,Crispin_Glover,False
0.3418411612510681,Jacques_Chirac,Cristian_Barros,False
0.3479687571525574,Ernie_Els,Cristiano_da_Matta,False
0.308491975069046,Norah_Jones,Cristina_Fernandez,False
0.3638051748275757,Emma_Thompson,Cristina_Kirchner,False
0.3440244495868683,Ann_Veneman,Cristina_Saralegui,False
0.3755756914615631,Nancy_Pelosi,Cristina_Torrens_Valero,False
0.30217841267585754,Federico_Trillo,Cuba_Gooding_Jr,False
0.3338002860546112,Joschka_Fischer,Curt_Weldon,False
0.3340584337711334,Nicolas_Cage,Curtis_Joseph,False
0.3652181923389435,George_W_Bush,Curtis_Strange,False
0.41099879145622253,Natalie_Coughlin,Cyndi_Thompson,False
0.367288202047348,Boris_Becker,Cynthia_Nixon,False
0.3795223534107208,Colin_Montgomerie,Cynthia_Rowley,False
0.35461583733558655,Sergio_Vieira_De_Mello,DAngelo_Jimenez,False
0.3537159860134125,Britney_Spears,Dagmar_Dunlevy,False
0.4531298577785492,Susilo_Bambang_Yudhoyono,Dai_Bachtiar,False
0.2884255647659302,Robert_Kocharian,Dai_Chul_Chyung,False
0.37436071038246155,Carolina_Kluft,Daja_Bedanova,False
0.32750996947288513,Fujio_Cho,Dalai_Lama,False
0.407671183347702,Gerhard_Schroeder,Dale_Bosworth,False
0.3599983751773834,Leonid_Kuchma,Dale_Earnhardt,False
0.341288298368454,Eliane_Karp,Dalia_Rabin-Pelosoff,False
0.32169488072395325,Pierce_Brosnan,Damarius_Bilbo,False
0.38386353850364685,Vince_Carter,Damon_Dash,False
0.4229726493358612,Christopher_Reeve,Damon_van_Dam,False
0.42055174708366394,Ben_Howland,Dan_Ackroyd,False
0.42364904284477234,Carson_Palmer,Dan_Bartlett,False
0.34522005915641785,Ed_Smart,Dan_Boyle,False
0.38746607303619385,Rubens_Barrichello,Dan_Bylsma,False
0.3216674029827118,John_Mayer,Dan_Dickau,False
0.31785455346107483,Brad_Garrett,Dan_Duquette,False
0.32348063588142395,Alvaro_Noboa,Dan_Guerrero,False
0.3603718876838684,Ian_Thorpe,Dan_Kellner,False
0.3819701671600342,Michael_Schumacher,Dan_LaCoutre,False
0.3598393499851227,Clint_Eastwood,Dan_Monson,False
0.33454519510269165,Jim_Tressel,Dan_Prinster,False
0.36208558082580566,Clint_Eastwood,Dan_Quayle,False
0.409454345703125,Dennis_Hastert,Dan_Reeves,False
0.40160688757896423,Mike_Martz,Dan_Snyder,False
0.3808082640171051,Tommy_Haas,Dan_Wheldon,False
0.2917039096355438,Shimon_Peres,Dana_Vollmer,False
0.3939065635204315,John_Manley,Daniel_Barenboim,False
0.3449118137359619,Frank_Solich,Daniel_Bruehl,False
0.3156917095184326,Vincent_Brooks,Daniel_Chin,False
0.3561469316482544,Filippo_Inzaghi,Daniel_Coats,False
0.35645732283592224,Abdullah_Gul,Daniel_Comisso_Urdaneta,False
0.36898165941238403,Charles_Moose,Daniel_Darnell,False
0.3764950931072235,Nabil_Shaath,Daniel_Kurtzer,False
0.3142078220844269,Hans_Blix,Daniel_Montenegro,False
0.38446614146232605,James_Blake,Daniel_Montgomery,False
0.36303046345710754,Pete_Sampras,Daniel_Ortega,False
0.3260653614997864,Nan_Wang,Daniel_Osorno,False
0.32136431336402893,Warren_Buffett,Daniel_Patrick_Moynihan,False
0.39030900597572327,Keanu_Reeves,Daniel_Pearl,False
0.2887933552265167,Roger_Federer,Daniel_Rouse,False
0.4563124179840088,Magdalena_Maleeva,Daniel_Scioli,False
0.3149019181728363,Matthew_Perry,Daniel_Zelman,False
0.32590779662132263,Goldie_Hawn,Daniela_Cicarelli,False
0.4262428283691406,Anna_Kournikova,Daniela_Hantuchova,False
0.34901219606399536,Barbara_Walters,Daniele_Bergamin,False
0.3155811131000519,George_W_Bush,Daniele_Hypolito,False
0.4132438898086548,George_Clooney,Daniele_Nardello,False
0.3596401810646057,Roberto_Carlos,Daniell_Sunjata,False
0.3153868615627289,Kalpana_Chawla,Danielle_Spencer,False
0.29414865374565125,Antonio_Banderas,Danis_Tanovic,False
0.3669883906841278,Kurt_Warner,Danny_Ainge,False
0.30015337467193604,Larry_Brown,Danny_Avalon,False
0.3565216660499573,Elton_John,Danny_Elfman,False
0.41753992438316345,Larry_Thompson,Danny_Glover,False
0.33589673042297363,Leonid_Kuchma,Danny_Green,False
0.3295818865299225,Ben_Curtis,Danny_Morgan,False
0.33012768626213074,George_Voinovich,Dany_Heatley,False
0.318880170583725,Robert_Duvall,Darcy_Regier,False
0.4267348051071167,Rainer_Schuettler,Darin_Erstad,False
0.3522239029407501,Emanuel_Ginobili,Dario_Camuffo,False
0.3991526961326599,Albert_Costa,Dario_Franchitti,False
0.39915671944618225,Vitali_Klitschko,Dariusz_Michalczewski,False
0.3619503974914551,Lleyton_Hewitt,Darko_Milicic,False
0.3112311065196991,Doris_Schroeder,Darla_Moore,False
0.3529425263404846,Candie_Kung,Darrell_Dickey,False
0.33342599868774414,Naji_Sabri,Darrell_Issa,False
0.31281188130378723,Salma_Hayek,Darrell_Porter,False
0.36222127079963684,James_Kelly,Darrell_Royal,False
0.33708488941192627,Michelle_Kwan,Darren_Campel,False
0.4677433669567108,Lou_Piniella,Darren_Clarke,False
0.33628931641578674,Jason_Kidd,Darryl_McDaniels,False
0.3424364924430847,Thabo_Mbeki,Darryl_Stingley,False
0.3536722958087921,Eric_Robert_Rudolph,Darvis_Patton,False
0.34474435448646545,Holly_Hunter,Daryl_Hannah,False
0.37540629506111145,Norm_Coleman,Daryl_Jones,False
0.2978251576423645,Hugo_Chavez,Daryl_Parks,False
0.31297001242637634,Larry_Thompson,Daryl_Sabara,False
0.32173624634742737,Antony_Leung,Daryl_Smith,False
0.33229199051856995,David_Wells,Dave_Barr,False
0.3958144783973694,John_Swofford,Dave_Johnson,False
0.30419719219207764,Scott_McClellan,Dave_Matthews,False
0.37196972966194153,Jean-Pierre_Raffarin,Dave_McGinnis,False
0.3721616566181183,Mark_Wahlberg,Dave_McNealey,False
0.32025381922721863,Carla_Del_Ponte,Dave_Odom,False
0.3579988181591034,Diana_Munz,Dave_Potter,False
0.3323974609375,Derek_Jeter,Dave_Ragone,False
0.29356706142425537,Hugo_Chavez,Dave_Robertson,False
0.4100390374660492,Tom_Watson,Dave_Tucker,False
0.3726980984210968,Ali_Naimi,Dave_Wannstedt,False
0.3464870750904083,Mark_Hurlbert,Dave_Williams,False
0.358847975730896,Gary_Carter,Davey_Johnson,False
0.3665163516998291,Peter_Arnett,David_Alpay,False
0.2942334711551666,George_Galloway,David_Arquette,False
0.3806565999984741,Rick_Stansbury,David_Ballantyne,False
0.2846899628639221,Tim_Conway,David_Bisbal,False
0.30549389123916626,Juan_Pablo_Montoya,David_Blaine,False
0.38331368565559387,Kim_Dae-jung,David_Bowie,False
0.3162710964679718,David_Wells,David_Braley,False
0.2960101068019867,Hipolito_Mejia,David_Brent,False
0.31973791122436523,Luis_Figo,David_Brinkley,False
0.42697668075561523,Ann_Veneman,David_Brown,False
0.3941231966018677,Charlton_Heston,David_Canary,False
0.3818497955799103,Dean_Barkley,David_Caraway,False
0.3038634955883026,Vladimir_Putin,David_Carradine,False
0.3219633996486664,Paul_Tagliabue,David_Collenette,False
0.36949750781059265,Sourav_Ganguly,David_Coulthard,False
0.33282992243766785,Bud_Selig,David_Dewayne_Williams,False
0.3586234152317047,Eric_Robert_Rudolph,David_Dewhurst,False
0.36472538113594055,Costas_Simitis,David_Dodge,False
0.38515806198120117,Fred_Eckhard,David_Donohue,False
0.3042794466018677,Evan_Rachel_Wood,David_Dorfman,False
0.35673096776008606,Clint_Eastwood,David_Duke,False
0.3351438641548157,Richard_Gere,David_Duval,False
0.309124231338501,Donald_Rumsfeld,David_Eldon,False
0.38483747839927673,Padraig_Harrington,David_Gest,False
0.40570852160453796,Fred_Eckhard,David_Glenn,False
0.29850926995277405,Eric_Robert_Rudolph,David_Hannay,False
0.4138600826263428,George_Clooney,David_Hanson,False
0.40957900881767273,Bill_Simon,David_Hasselhoff,False
0.32344716787338257,Bruce_Springsteen,David_Heyman,False
0.3227635622024536,Natalie_Coughlin,David_Hilt,False
0.3714214861392975,Norah_Jones,David_Ho,False
0.37035131454467773,Nick_Nolte,David_Kelley,False
0.36369383335113525,Paul_ONeill,David_Kelly,False
0.44096076488494873,Bud_Selig,David_Leahy,False
0.3607589900493622,Thomas_OBrien,David_McCullough,False
0.3397280275821686,Bill_Simon,David_McKiernan,False
0.3973831534385681,Padraig_Harrington,David_Millar,False
0.8266991972923279,Aaron_Peirsol,Aaron_Peirsol,True
0.6220061182975769,Abdoulaye_Wade,Abdoulaye_Wade,True
0.7861167192459106,Abdullah,Abdullah,True
0.7778446674346924,Recep_Tayyip_Erdogan,Abdullah_Gul,True
0.7015730142593384,Abel_Pacheco,Abel_Pacheco,True
0.7493143677711487,Adam_Sandler,Adam_Sandler,True
0.8634335398674011,Adel_Al-Jubeir,Adel_Al-Jubeir,True
0.672791600227356,Adrien_Brody,Adrien_Brody,True
0.7681797742843628,Ahmed_Chalabi,Ahmed_Chalabi,True
0.7654852271080017,Ai_Sugiyama,Ai_Sugiyama,True
0.7488702535629272,Aicha_El_Ouafi,Aicha_El_Ouafi,True
0.7822604179382324,Akbar_Hashemi_Rafsanjani,Akbar_Hashemi_Rafsanjani,True
0.8587787747383118,Akhmed_Zakayev,Akhmed_Zakayev,True
0.720539391040802,Al_Gore,Al_Gore,True
0.7330710291862488,Al_Sharpton,Al_Sharpton,True
0.7889978289604187,Alan_Greenspan,Alan_Greenspan,True
0.7317952513694763,Alastair_Campbell,Alastair_Campbell,True
0.7662349343299866,Albert_Costa,Albert_Costa,True
0.7113017439842224,Alec_Baldwin,Alec_Baldwin,True
0.7869001626968384,Alejandro_Toledo,Alejandro_Toledo,True
0.730223536491394,Aleksander_Kwasniewski,Aleksander_Kwasniewski,True
0.658790111541748,Alex_Sink,Alex_Sink,True
0.686010479927063,Alexander_Downer,Alexander_Downer,True
0.765817403793335,Alexander_Losyukov,Alexander_Losyukov,True
0.7624501585960388,Alexandra_Stevenson,Alexandra_Stevenson,True
0.8528473377227783,Ali_Naimi,Ali_Naimi,True
0.5816531777381897,Allyson_Felix,Allyson_Felix,True
0.7060843110084534,Alvaro_Noboa,Alvaro_Noboa,True
0.5836318731307983,Alvaro_Silva_Calderon,Alvaro_Silva_Calderon,True
0.6907636523246765,Alvaro_Uribe,Alvaro_Uribe,True
0.6328294277191162,Amanda_Bynes,Amanda_Bynes,True
0.8038343191146851,Amelia_Vega,Amelia_Vega,True
0.7273054122924805,Amelie_Mauresmo,Amelie_Mauresmo,True
0.7740399837493896,Amer_al-Saadi,Amer_al-Saadi,True
0.7404896020889282,Ana_Guevara,Ana_Guevara,True
0.6804389953613281,Ana_Palacio,Ana_Palacio,True
0.6341961026191711,Anastasia_Myskina,Anastasia_Myskina,True
0.731540322303772,Anders_Ebbeson,Anders_Ebbeson,True
0.6812004446983337,Anders_Fogh_Rasmussen,Anders_Fogh_Rasmussen,True
0.7147874236106873,Andre_Agassi,Andre_Agassi,True
0.6315776705741882,Andy_Roddick,Andy_Roddick,True
0.7085608243942261,Angela_Bassett,Angela_Bassett,True
0.7282150983810425,Angela_Merkel,Angela_Merkel,True
0.6787981986999512,Angelina_Jolie,Angelina_Jolie,True
0.7940430641174316,Angelo_Reyes,Angelo_Reyes,True
0.7638763785362244,Anibal_Ibarra,Anibal_Ibarra,True
0.6573666334152222,Ann_Veneman,Ann_Veneman,True
0.6717159152030945,Anna_Kournikova,Anna_Kournikova,True
0.8374292850494385,Anne_Krueger,Anne_Krueger,True
0.6072127819061279,Anne_McLellan,Anne_McLellan,True
0.6877570748329163,Annette_Lu,Annette_Lu,True
0.6013544797897339,Antonio_Banderas,Antonio_Banderas,True
0.7609421610832214,Antonio_Palocci,Antonio_Palocci,True
0.7389249801635742,Antonio_Trillanes,Antonio_Trillanes,True
0.7638202905654907,Antony_Leung,Antony_Leung,True
0.7343699336051941,Ari_Fleischer,Ari_Fleischer,True
0.6705976128578186,Arianna_Huffington,Arianna_Huffington,True
0.7483094334602356,Ariel_Sharon,Ariel_Sharon,True
0.6831322312355042,Arlen_Specter,Arlen_Specter,True
0.7835626602172852,Arminio_Fraga,Arminio_Fraga,True
0.6963335871696472,Arnold_Palmer,Arnold_Palmer,True
0.7160574197769165,Arnold_Schwarzenegger,Arnold_Schwarzenegger,True
0.6973040699958801,Arnoldo_Aleman,Arnoldo_Aleman,True
0.833446741104126,Art_Howe,Art_Howe,True
0.7827624678611755,Ashanti,Ashanti,True
0.7085462808609009,Ashton_Kutcher,Ashton_Kutcher,True
0.8163672685623169,Atal_Bihari_Vajpayee,Atal_Bihari_Vajpayee,True
0.6050258278846741,Augustin_Calleri,Augustin_Calleri,True
0.8612694144248962,Azra_Akin,Azra_Akin,True
0.7971126437187195,Barbara_Walters,Barbara_Walters,True
0.6040287613868713,Barbra_Streisand,Barbra_Streisand,True
0.6630359292030334,Ben_Affleck,Ben_Affleck,True
0.622722864151001,Ben_Curtis,Ben_Curtis,True
0.850881814956665,Ben_Howland,Ben_Howland,True
0.7796536087989807,Benazir_Bhutto,Benazir_Bhutto,True
0.8172222971916199,Benjamin_Netanyahu,Benjamin_Netanyahu,True
0.542962908744812,Bernard_Landry,Bernard_Landry,True
0.7248188257217407,Bernard_Law,Bernard_Law,True
0.7557996511459351,Bertie_Ahern,Bertie_Ahern,True
0.6609527468681335,Bijan_Darvish,Bijan_Darvish,True
0.806588888168335,Biljana_Plavsic,Biljana_Plavsic,True
0.7498260736465454,Bill_Callahan,Bill_Callahan,True
0.6577484011650085,Bill_Clinton,Bill_Clinton,True
0.7549304962158203,Bill_Frist,Bill_Frist,True
0.5931010842323303,Bill_Gates,Bill_Gates,True
0.731433093547821,Bill_Graham,Bill_Graham,True
0.772804319858551,Bill_McBride,Bill_McBride,True
0.807446300983429,Bill_Paxton,Bill_Paxton,True
0.7942118048667908,Bill_Simon,Bill_Simon,True
0.6550440192222595,Billy_Crystal,Billy_Crystal,True
0.7431209683418274,Binyamin_Ben-Eliezer,Binyamin_Ben-Eliezer,True
0.7779196500778198,Bob_Graham,Bob_Graham,True
0.6121938228607178,Bob_Hope,Bob_Hope,True
0.6941298246383667,Bob_Huggins,Bob_Huggins,True
0.7135297656059265,Bob_Stoops,Bob_Stoops,True
0.6257907152175903,Bono,Bono,True
0.80879145860672,Boris_Becker,Boris_Becker,True
0.8292087912559509,Brad_Garrett,Brad_Garrett,True
0.610119640827179,Brad_Johnson,Brad_Johnson,True
0.6760141849517822,Bridget_Fonda,Bridget_Fonda,True
0.8371539115905762,Britney_Spears,Britney_Spears,True
0.6155924201011658,Bruce_Springsteen,Bruce_Springsteen,True
0.7254675030708313,Bud_Selig,Bud_Selig,True
0.7539111375808716,Bulent_Ecevit,Bulent_Ecevit,True
0.7083032727241516,Calista_Flockhart,Calista_Flockhart,True
0.6106700897216797,Cameron_Diaz,Cameron_Diaz,True
0.6713294982910156,Candice_Bergen,Candice_Bergen,True
0.7216458916664124,Candie_Kung,Candie_Kung,True
0.8569201231002808,Carla_Del_Ponte,Carla_Del_Ponte,True
0.7357784509658813,Carlo_Ancelotti,Carlo_Ancelotti,True
0.7237364053726196,Carlos_Manuel_Pruneda,Carlos_Manuel_Pruneda,True
0.8071067333221436,Carlos_Menem,Carlos_Menem,True
0.7661265730857849,Carlos_Moya,Carlos_Moya,True
0.5173203349113464,Carlos_Ruiz,Carlos_Ruiz,True
0.7754569053649902,Carlos_Vives,Carlos_Vives,True
0.5476949214935303,Carly_Fiorina,Carly_Fiorina,True
0.7730249166488647,Carmen_Electra,Carmen_Electra,True
0.6487566828727722,Carolina_Kluft,Carolina_Kluft,True
0.8230723142623901,Caroline_Kennedy,Caroline_Kennedy,True
0.8082115650177002,Carolyn_Dawn_Johnson,Carolyn_Dawn_Johnson,True
0.7155067324638367,Carrie-Anne_Moss,Carrie-Anne_Moss,True
0.7225196361541748,Carson_Palmer,Carson_Palmer,True
0.7386297583580017,Cate_Blanchett,Cate_Blanchett,True
0.871488094329834,Catherine_Deneuve,Catherine_Deneuve,True
0.7123678922653198,Catherine_Zeta-Jones,Catherine_Zeta-Jones,True
0.6694321632385254,Celine_Dion,Celine_Dion,True
0.7462373971939087,Cesar_Gaviria,Cesar_Gaviria,True
0.6318092346191406,Chan_Gailey,Chan_Gailey,True
0.7302834987640381,Chanda_Rubin,Chanda_Rubin,True
0.6196480989456177,Charles_Bronson,Charles_Bronson,True
0.8021441698074341,Charles_Moose,Charles_Moose,True
0.8439087867736816,Charles_Taylor,Charles_Taylor,True
0.8232422471046448,Charlton_Heston,Charlton_Heston,True
0.7071537375450134,Chen_Shui-bian,Chen_Shui-bian,True
0.7166193723678589,Cherie_Blair,Cherie_Blair,True
0.8431738018989563,Chick_Hearn,Chick_Hearn,True
0.7374585866928101,Choi_Sung-hong,Choi_Sung-hong,True
0.838922917842865,Christian_Longo,Christian_Longo,True
0.5565668940544128,Christina_Aguilera,Christina_Aguilera,True
0.7989143133163452,Christine_Baumgartner,Christine_Baumgartner,True
0.783919095993042,Christine_Gregoire,Christine_Gregoire,True
0.7828355431556702,Christine_Todd_Whitman,Christine_Todd_Whitman,True
0.7574820518493652,Christopher_Reeve,Christopher_Reeve,True
0.8930462598800659,Christopher_Walken,Christopher_Walken,True
0.7825659513473511,Cindy_Crawford,Cindy_Crawford,True
0.788448691368103,Ciro_Gomes,Ciro_Gomes,True
0.5483580231666565,Claire_Danes,Claire_Danes,True
0.8979470133781433,Clara_Harris,Clara_Harris,True
0.6334320306777954,Clare_Short,Clare_Short,True
0.7237769365310669,Claudia_Pechstein,Claudia_Pechstein,True
0.8104187250137329,Claudia_Schiffer,Claudia_Schiffer,True
0.7444392442703247,Clay_Aiken,Clay_Aiken,True
0.725983202457428,Clint_Eastwood,Clint_Eastwood,True
0.7132009863853455,Colin_Farrell,Colin_Farrell,True
0.7376696467399597,Colin_Montgomerie,Colin_Montgomerie,True
0.8224340677261353,Colin_Powell,Colin_Powell,True
0.7540433406829834,Conan_OBrien,Conan_OBrien,True
0.8860454559326172,Conchita_Martinez,Conchita_Martinez,True
0.8092725276947021,Condoleezza_Rice,Condoleezza_Rice,True
0.5313930511474609,Constance_Marie,Constance_Marie,True
0.6919118165969849,Costas_Simitis,Costas_Simitis,True
0.7473659515380859,Cruz_Bustamante,Cruz_Bustamante,True
0.5917498469352722,Daisy_Fuentes,Daisy_Fuentes,True
0.6265673637390137,Dale_Earnhardt_Jr,Dale_Earnhardt_Jr,True
0.7184039950370789,Dan_Morales,Dan_Morales,True
0.7042495012283325,Daniel_Day-Lewis,Daniel_Day-Lewis,True
0.6173698306083679,Daniel_Radcliffe,Daniel_Radcliffe,True
0.5841284394264221,Dave_Campo,Dave_Campo,True
0.6946856379508972,David_Anderson,David_Anderson,True
0.7260592579841614,David_Beckham,David_Beckham,True
0.764016330242157,David_Caruso,David_Caruso,True
0.7787440419197083,David_Heymann,David_Heymann,True
0.6415539979934692,David_Nalbandian,David_Nalbandian,True
0.8039547204971313,David_Stern,David_Stern,True
0.8162295818328857,David_Trimble,David_Trimble,True
0.7366477251052856,David_Wells,David_Wells,True
0.6622771620750427,Dean_Barkley,Dean_Barkley,True
0.8368692398071289,Debbie_Reynolds,Debbie_Reynolds,True
0.470554381608963,Debra_Messing,Debra_Messing,True
0.7087684273719788,Demi_Moore,Demi_Moore,True
0.7082909941673279,Dennis_Hastert,Dennis_Hastert,True
0.7994374632835388,Dennis_Kucinich,Dennis_Kucinich,True
0.7385129928588867,Denzel_Washington,Denzel_Washington,True
0.6359336376190186,Derek_Jeter,Derek_Jeter,True
0.7877039909362793,Diana_Krall,Diana_Krall,True
0.8502829670906067,Diana_Munz,Diana_Munz,True
0.6890413165092468,Dick_Cheney,Dick_Cheney,True
0.746195912361145,Dick_Clark,Dick_Clark,True
0.845977246761322,Dominique_de_Villepin,Dominique_de_Villepin,True
0.6288905143737793,Don_Siegelman,Don_Siegelman,True
0.7157717943191528,Donald_Fehr,Donald_Fehr,True
0.7719480395317078,Donald_Pettit,Donald_Pettit,True
0.6820790767669678,Donald_Rumsfeld,Donald_Rumsfeld,True
0.728690505027771,Doris_Roberts,Doris_Roberts,True
0.8315877914428711,Doris_Schroeder,Doris_Schroeder,True
0.8270207047462463,Doug_Melvin,Doug_Melvin,True
0.6157841086387634,Ed_Smart,Ed_Smart,True
0.7081406712532043,Edmund_Hillary,Edmund_Hillary,True
0.8072424530982971,Edmund_Stoiber,Edmund_Stoiber,True
0.8613826632499695,Eduard_Shevardnadze,Eduard_Shevardnadze,True
0.7404393553733826,Eduardo_Duhalde,Eduardo_Duhalde,True
0.6800863146781921,Edward_Kennedy,Edward_Kennedy,True
0.784966766834259,Edward_Lu,Edward_Lu,True
0.9167604446411133,Edwina_Currie,Edwina_Currie,True
0.9304973483085632,Eileen_Coparropa,Eileen_Coparropa,True
0.682343065738678,Elena_Bovina,Elena_Bovina,True
0.6264934539794922,Eliane_Karp,Eliane_Karp,True
0.7681958079338074,Elijah_Wood,Elijah_Wood,True
0.7208897471427917,Elizabeth_Dole,Elizabeth_Dole,True
0.47714880108833313,Elizabeth_Hurley,Elizabeth_Hurley,True
0.5012533664703369,Elizabeth_Smart,Elizabeth_Smart,True
0.5956353545188904,Elsa_Zylberstein,Elsa_Zylberstein,True
0.6881394386291504,Elton_John,Elton_John,True
0.813623309135437,Emanuel_Ginobili,Emanuel_Ginobili,True
0.5599566698074341,Emma_Thompson,Emma_Thompson,True
0.718998908996582,Emma_Watson,Emma_Watson,True
0.8766204118728638,Emmanuelle_Beart,Emmanuelle_Beart,True
0.678865373134613,Enrique_Bolanos,Enrique_Bolanos,True
0.693973958492279,Eric_Robert_Rudolph,Eric_Robert_Rudolph,True
0.7294641137123108,Erik_Morales,Erik_Morales,True
0.8282560110092163,Erika_Harold,Erika_Harold,True
0.7338323593139648,Erin_Runnion,Erin_Runnion,True
0.7224096059799194,Ernie_Els,Ernie_Els,True
0.6528025269508362,Evan_Rachel_Wood,Evan_Rachel_Wood,True
0.655498206615448,Fabrice_Santoro,Fabrice_Santoro,True
0.7879156470298767,Farouk_al-Sharaa,Farouk_al-Sharaa,True
0.7340615391731262,Faye_Dunaway,Faye_Dunaway,True
0.7937784194946289,Fayssal_Mekdad,Fayssal_Mekdad,True
0.5522601008415222,Federico_Trillo,Federico_Trillo,True
0.693111777305603,Felipe_Perez_Roque,Felipe_Perez_Roque,True
0.6563128232955933,Fernando_Gonzalez,Fernando_Gonzalez,True
0.8260088562965393,Fernando_Henrique_Cardoso,Fernando_Henrique_Cardoso,True
0.39951902627944946,Fernando_Vargas,Fernando_Vargas,True
0.6451820135116577,Fidel_Castro,Fidel_Castro,True
0.6185726523399353,Filippo_Inzaghi,Filippo_Inzaghi,True
0.8009728193283081,Francisco_Flores,Francisco_Flores,True
0.7506154179573059,Frank_Cassell,Frank_Cassell,True
0.8783510327339172,Frank_Solich,Frank_Solich,True
0.8322396278381348,Franz_Muentefering,Franz_Muentefering,True
0.89348965883255,Fred_Eckhard,Fred_Eckhard,True
0.7204270958900452,Fred_Thompson,Fred_Thompson,True
0.7234162092208862,Fujio_Cho,Fujio_Cho,True
0.8251644372940063,GL_Peiris,GL_Peiris,True
0.8280282616615295,Gary_Carter,Gary_Carter,True
0.6700767278671265,Gary_Doer,Gary_Doer,True
0.7321954369544983,Gene_Robinson,Gene_Robinson,True
0.7176118493080139,Geoff_Hoon,Geoff_Hoon,True
0.6934354901313782,George_Clooney,George_Clooney,True
0.7479801774024963,George_Galloway,George_Galloway,True
0.6025503873825073,George_HW_Bush,George_HW_Bush,True
0.7821782231330872,George_Lopez,George_Lopez,True
0.7767255902290344,George_Pataki,George_Pataki,True
0.78519207239151,George_Robertson,George_Robertson,True
0.8671289086341858,George_Ryan,George_Ryan,True
0.6786073446273804,George_Voinovich,George_Voinovich,True
0.8215456008911133,George_W_Bush,George_W_Bush,True
0.7153085470199585,Geraldine_Chaplin,Geraldine_Chaplin,True
0.7803751826286316,Gerhard_Schroeder,Gerhard_Schroeder,True
0.8095870614051819,Gerry_Adams,Gerry_Adams,True
0.7468481659889221,Gian_Marco,Gian_Marco,True
0.5960074663162231,Gil_de_Ferran,Gil_de_Ferran,True
0.6200432777404785,Gilberto_Rodriguez_Orejuela,Gilberto_Rodriguez_Orejuela,True
0.6981492042541504,Giuseppe_Gibilisco,Giuseppe_Gibilisco,True
0.7003766894340515,Glafcos_Clerides,Glafcos_Clerides,True
0.6630901098251343,Gloria_Macapagal_Arroyo,Gloria_Macapagal_Arroyo,True
0.8075315952301025,Gloria_Trevi,Gloria_Trevi,True
0.6037429571151733,Goldie_Hawn,Goldie_Hawn,True
0.7970629930496216,Gonzalo_Sanchez_de_Lozada,Gonzalo_Sanchez_de_Lozada,True
0.7650173306465149,Gordon_Brown,Gordon_Brown,True
0.8675625324249268,Grant_Hackett,Grant_Hackett,True
0.7327293157577515,Gray_Davis,Gray_Davis,True
0.6651982069015503,Greg_Rusedski,Greg_Rusedski,True
0.7251167297363281,Gregg_Popovich,Gregg_Popovich,True
0.759938657283783,Guillermo_Canas,Guillermo_Canas,True
0.6881237030029297,Guillermo_Coria,Guillermo_Coria,True
0.7633910179138184,Gunter_Pleuger,Gunter_Pleuger,True
0.8417350649833679,Gus_Van_Sant,Gus_Van_Sant,True
0.8489998579025269,Gustavo_Kuerten,Gustavo_Kuerten,True
0.7060831785202026,Gwyneth_Paltrow,Gwyneth_Paltrow,True
0.6947336196899414,Hal_Gehman,Hal_Gehman,True
0.7394145727157593,Halle_Berry,Halle_Berry,True
0.769359827041626,Hamid_Karzai,Hamid_Karzai,True
0.7447514533996582,Hans_Blix,Hans_Blix,True
0.669116199016571,Hans_Eichel,Hans_Eichel,True
0.7878655791282654,Harrison_Ford,Harrison_Ford,True
0.8325591087341309,Harry_Schmidt,Harry_Schmidt,True
0.7037473320960999,Heath_Ledger,Heath_Ledger,True
0.7202479243278503,Heather_Mills,Heather_Mills,True
0.6668129563331604,Hee-Won_Han,Hee-Won_Han,True
0.5985961556434631,Heidi_Fleiss,Heidi_Fleiss,True
0.7302445769309998,Heidi_Klum,Heidi_Klum,True
0.9100253582000732,Heinz_Feldmann,Heinz_Feldmann,True
0.8346205949783325,Heizo_Takenaka,Heizo_Takenaka,True
0.7594706416130066,Helen_Clark,Helen_Clark,True
0.853395938873291,Herb_Sendek,Herb_Sendek,True
0.6631845831871033,Hilary_Duff,Hilary_Duff,True
0.7288910746574402,Hillary_Clinton,Hillary_Clinton,True
0.7566506266593933,Hipolito_Mejia,Hipolito_Mejia,True
0.703987181186676,Hitomi_Soga,Hitomi_Soga,True
0.818932294845581,Holly_Hunter,Holly_Hunter,True
0.9158742427825928,Hosni_Mubarak,Hosni_Mubarak,True
0.8441973328590393,Howard_Dean,Howard_Dean,True
0.7218120694160461,Hu_Jintao,Hu_Jintao,True
0.6976528763771057,Hugh_Grant,Hugh_Grant,True
0.8000996708869934,Hugo_Chavez,Hugo_Chavez,True
0.6701167821884155,Hun_Sen,Hun_Sen,True
0.7582232356071472,Iain_Duncan_Smith,Iain_Duncan_Smith,True
0.7078766822814941,Ian_McKellen,Ian_McKellen,True
0.6489396095275879,Ian_Thorpe,Ian_Thorpe,True
0.8132395148277283,Igor_Ivanov,Igor_Ivanov,True
0.5762755274772644,Ilan_Ramon,Ilan_Ramon,True
0.634303867816925,Isabella_Rossellini,Isabella_Rossellini,True
0.6641916632652283,JK_Rowling,JK_Rowling,True
0.4987458288669586,Jack_Nicholson,Jack_Nicholson,True
0.751373827457428,Jack_Straw,Jack_Straw,True
0.7989983558654785,Jackie_Chan,Jackie_Chan,True
0.7916834354400635,Jacques_Chirac,Jacques_Chirac,True
0.8507882952690125,Jacques_Rogge,Jacques_Rogge,True
0.7798135876655579,Jake_Gyllenhaal,Jake_Gyllenhaal,True
0.8137425184249878,James_Blake,James_Blake,True
0.7998541593551636,James_Caan,James_Caan,True
0.530448853969574,James_Gandolfini,James_Gandolfini,True
0.7606128454208374,James_Kelly,James_Kelly,True
0.7611480355262756,James_Kopp,James_Kopp,True
0.7744528651237488,James_McGreevey,James_McGreevey,True
0.5350741147994995,James_Traficant,James_Traficant,True
0.8533899784088135,James_Wolfensohn,James_Wolfensohn,True
0.6198844909667969,Jan-Michael_Gambill,Jan-Michael_Gambill,True
0.7550950050354004,Jan_Ullrich,Jan_Ullrich,True
0.7483604550361633,Janet_Napolitano,Janet_Napolitano,True
0.7238944172859192,Jason_Kidd,Jason_Kidd,True
0.797889232635498,Javier_Solana,Javier_Solana,True
0.7202928066253662,Javier_Weber,Javier_Weber,True
0.7097894549369812,Jay_Garner,Jay_Garner,True
0.6961833238601685,Jay_Leno,Jay_Leno,True
0.742337703704834,Jayson_Williams,Jayson_Williams,True
0.905912458896637,Jean-David_Levitte,Jean-David_Levitte,True
0.7215943932533264,Jean-Francois_Pontal,Jean-Francois_Pontal,True
0.6065049767494202,Jean-Pierre_Raffarin,Jean-Pierre_Raffarin,True
0.6155452132225037,Jean_Charest,Jean_Charest,True
0.7037607431411743,Jean_Chretien,Jean_Chretien,True
0.7591089606285095,Jeb_Bush,Jeb_Bush,True
0.674014151096344,Jeff_Van_Gundy,Jeff_Van_Gundy,True
0.6996334791183472,Jelena_Dokic,Jelena_Dokic,True
0.7368000745773315,Jennifer_Aniston,Jennifer_Aniston,True
0.6337096691131592,Jennifer_Capriati,Jennifer_Capriati,True
0.755858302116394,Jennifer_Connelly,Jennifer_Connelly,True
0.6081154942512512,Jennifer_Garner,Jennifer_Garner,True
0.7812004089355469,Jennifer_Keller,Jennifer_Keller,True
0.6134040951728821,Jennifer_Lopez,Jennifer_Lopez,True
0.7766543030738831,Jeong_Se-hyun,Jeong_Se-hyun,True
0.7527052760124207,Jeremy_Greenstock,Jeremy_Greenstock,True
0.7409852743148804,Jerry_Springer,Jerry_Springer,True
0.7417274117469788,Jesse_Harris,Jesse_Harris,True
0.7200995087623596,Jesse_Jackson,Jesse_Jackson,True
0.6991903185844421,Jesse_Ventura,Jesse_Ventura,True
0.7196630239486694,Jiang_Zemin,Jiang_Zemin,True
0.7554110884666443,Jim_Furyk,Jim_Furyk,True
0.7361180782318115,Jim_Hahn,Jim_Hahn,True
0.6587069034576416,Jim_Tressel,Jim_Tressel,True
0.8560522794723511,Jimmy_Carter,Jimmy_Carter,True
0.7925408482551575,Jiri_Novak,Jiri_Novak,True
0.7533785700798035,Joan_Laporta,Joan_Laporta,True
0.7223700881004333,Jodie_Foster,Jodie_Foster,True
0.7981857657432556,Joe_Lieberman,Joe_Lieberman,True
0.7526218295097351,Joe_Nichols,Joe_Nichols,True
0.809623658657074,Joe_Torre,Joe_Torre,True
0.7921323180198669,John_Abizaid,John_Abizaid,True
0.8665608763694763,John_Allen_Muhammad,John_Allen_Muhammad,True
0.7490049004554749,John_Ashcroft,John_Ashcroft,True
0.8480642437934875,John_Bolton,John_Bolton,True
0.7155542373657227,John_Edwards,John_Edwards,True
0.9151272773742676,John_Howard,John_Howard,True
0.7801352739334106,John_Kerry,John_Kerry,True
0.7938014268875122,John_Manley,John_Manley,True
0.8870234489440918,John_Mayer,John_Mayer,True
0.7060649394989014,John_McCain,John_McCain,True
0.7432034015655518,John_Negroponte,John_Negroponte,True
0.7033296823501587,John_Paul_II,John_Paul_II,True
0.7650668025016785,John_Reid,John_Reid,True
0.7577160596847534,John_Rosa,John_Rosa,True
0.774467945098877,John_Snow,John_Snow,True
0.602489709854126,John_Stockton,John_Stockton,True
0.8365600109100342,John_Swofford,John_Swofford,True
0.8205891847610474,John_Travolta,John_Travolta,True
0.7243393659591675,John_Warner,John_Warner,True
0.649677574634552,Johnny_Tapia,Johnny_Tapia,True
0.5131664872169495,Jon_Corzine,Jon_Corzine,True
0.6773579120635986,Jon_Gruden,Jon_Gruden,True
0.646671712398529,Jon_Voight,Jon_Voight,True
0.8169809579849243,Jonathan_Edwards,Jonathan_Edwards,True
0.8429813385009766,Jong_Wook_Lee,Jong_Wook_Lee,True
0.6559314727783203,Jorge_Batlle,Jorge_Batlle,True
0.7866911888122559,Joschka_Fischer,Joschka_Fischer,True
0.6917374730110168,Jose_Canseco,Jose_Canseco,True
0.720847487449646,Jose_Manuel_Durao_Barroso,Jose_Manuel_Durao_Barroso,True
0.8393544554710388,Jose_Maria_Aznar,Jose_Maria_Aznar,True
0.7786487936973572,Jose_Serra,Jose_Serra,True
0.7076203227043152,Joseph_Biden,Joseph_Biden,True
0.8630151152610779,Joseph_Deiss,Joseph_Deiss,True
0.7822025418281555,Joseph_Estrada,Joseph_Estrada,True
0.8157187700271606,Juan_Carlos_Ferrero,Juan_Carlos_Ferrero,True
0.7366312742233276,Juan_Ignacio_Chela,Juan_Ignacio_Chela,True
0.7856175303459167,Juan_Manuel_Marquez,Juan_Manuel_Marquez,True
0.748931348323822,Juan_Pablo_Montoya,Juan_Pablo_Montoya,True
0.7252146601676941,Juanes,Juanes,True
0.7392828464508057,Julianne_Moore,Julianne_Moore,True
0.7807887196540833,Julie_Gerberding,Julie_Gerberding,True
0.8335074186325073,Junichiro_Koizumi,Junichiro_Koizumi,True
0.47655418515205383,Justin_Guarini,Justin_Guarini,True
0.7432075142860413,Justin_Leonard,Justin_Leonard,True
0.7110992074012756,Justin_Timberlake,Justin_Timberlake,True
0.7862498164176941,Justine_Pasek,Justine_Pasek,True
0.8297328352928162,Kalpana_Chawla,Kalpana_Chawla,True
0.8233504891395569,Kamal_Kharrazi,Kamal_Kharrazi,True
0.699690043926239,Kate_Hudson,Kate_Hudson,True
0.7265844345092773,Kate_Winslet,Kate_Winslet,True
0.6491771936416626,Katherine_Harris,Katherine_Harris,True
0.6977697014808655,Kathleen_Kennedy_Townsend,Kathleen_Kennedy_Townsend,True
0.6503179669380188,Katie_Harman,Katie_Harman,True
0.7224306464195251,Keanu_Reeves,Keanu_Reeves,True
0.6768364310264587,Keith_Bogans,Keith_Bogans,True
0.7461645007133484,Kelvin_Sampson,Kelvin_Sampson,True
0.8862890601158142,Kemal_Dervis,Kemal_Dervis,True
0.5126341581344604,Ken_Macha,Ken_Macha,True
0.8072360157966614,Kevin_Costner,Kevin_Costner,True
0.8219947814941406,Kevin_Spacey,Kevin_Spacey,True
0.6535435318946838,Kim_Clijsters,Kim_Clijsters,True
0.734576404094696,Kim_Dae-jung,Kim_Dae-jung,True
0.8366356492042542,Kim_Jong-Il,Kim_Jong-Il,True
0.8133378624916077,Kim_Ryong-sung,Kim_Ryong-sung,True
0.7019356489181519,Kim_Yong-il,Kim_Yong-il,True
0.7673619389533997,King_Abdullah_II,King_Abdullah_II,True
0.752241313457489,Kirk_Johnson,Kirk_Johnson,True
0.6827912330627441,Kjell_Magne_Bondevik,Kjell_Magne_Bondevik,True
0.5886510610580444,Kobe_Bryant,Kobe_Bryant,True
0.8841206431388855,Kofi_Annan,Kofi_Annan,True
0.7225558161735535,Kristanna_Loken,Kristanna_Loken,True
0.6758044362068176,Kurt_Warner,Kurt_Warner,True
0.7138261795043945,Kwon_Yang-sook,Kwon_Yang-sook,True
0.7227233052253723,Lance_Armstrong,Lance_Armstrong,True
0.7741090655326843,Lance_Bass,Lance_Bass,True
0.6326294541358948,Larry_Brown,Larry_Brown,True
0.7820703387260437,Larry_Coker,Larry_Coker,True
0.7538382411003113,Larry_Ellison,Larry_Ellison,True
0.8220310211181641,Larry_Thompson,Larry_Thompson,True
0.6545020937919617,Laura_Bush,Laura_Bush,True
0.7092969417572021,Laura_Linney,Laura_Linney,True
0.7287894487380981,LeBron_James,LeBron_James,True
0.8432448506355286,Lee_Hoi-chang,Lee_Hoi-chang,True
0.726477324962616,Lennox_Lewis,Lennox_Lewis,True
0.7723892331123352,Lenny_Wilkens,Lenny_Wilkens,True
0.8246527910232544,Leonardo_DiCaprio,Leonardo_DiCaprio,True
0.8059948682785034,Leonid_Kuchma,Leonid_Kuchma,True
0.6639772057533264,Lesley_McCulloch,Lesley_McCulloch,True
0.7822134494781494,Li_Peng,Li_Peng,True
0.7743852138519287,Li_Zhaoxing,Li_Zhaoxing,True
0.7451289296150208,Liam_Neeson,Liam_Neeson,True
0.8688387274742126,Lindsay_Davenport,Lindsay_Davenport,True
0.6154670119285583,Lisa_Marie_Presley,Lisa_Marie_Presley,True
0.805742621421814,Liza_Minnelli,Liza_Minnelli,True
0.7465012073516846,Lleyton_Hewitt,Lleyton_Hewitt,True
0.6263195872306824,Lou_Piniella,Lou_Piniella,True
0.9203640818595886,Luciano_Pavarotti,Luciano_Pavarotti,True
0.7709475755691528,Lucio_Gutierrez,Lucio_Gutierrez,True
0.6180496215820312,Lucy_Liu,Lucy_Liu,True
0.6225093007087708,Ludivine_Sagnier,Ludivine_Sagnier,True
0.7350613474845886,Luis_Ernesto_Derbez_Bautista,Luis_Ernesto_Derbez_Bautista,True
0.7254158854484558,Luis_Figo,Luis_Figo,True
0.6926233172416687,Luis_Gonzalez_Macchi,Luis_Gonzalez_Macchi,True
0.7751776576042175,Luis_Horna,Luis_Horna,True
0.7757234573364258,Luiz_Inacio_Lula_da_Silva,Luiz_Inacio_Lula_da_Silva,True
0.6576650142669678,Lynn_Redgrave,Lynn_Redgrave,True
0.5705715417861938,Lynne_Cheney,Lynne_Cheney,True
0.8000564575195312,Madeleine_Albright,Madeleine_Albright,True
0.7297317385673523,Madonna,Madonna,True
0.7454518675804138,Magdalena_Maleeva,Magdalena_Maleeva,True
0.6879642009735107,Mahathir_Mohamad,Mahathir_Mohamad,True
0.7820776104927063,Mahmoud_Abbas,Mahmoud_Abbas,True
0.6215143799781799,Marat_Safin,Marat_Safin,True
0.8445193767547607,Marcelo_Rios,Marcelo_Rios,True
0.6902064085006714,Marcelo_Salas,Marcelo_Salas,True
0.8231298923492432,Marco_Antonio_Barrera,Marco_Antonio_Barrera,True
0.6043704748153687,Maria_Shriver,Maria_Shriver,True
0.6072831749916077,Maria_Soledad_Alvear_Valenzuela,Maria_Soledad_Alvear_Valenzuela,True
0.5647140741348267,Mariah_Carey,Mariah_Carey,True
0.9130145907402039,Mariana_Pollack,Mariana_Pollack,True
0.8795994520187378,Mariangel_Ruiz_Torrealba,Mariangel_Ruiz_Torrealba,True
0.7501379251480103,Marieta_Chrousala,Marieta_Chrousala,True
0.7218844890594482,Mark_Hurlbert,Mark_Hurlbert,True
0.696725606918335,Mark_Philippoussis,Mark_Philippoussis,True
0.7202181816101074,Mark_Richt,Mark_Richt,True
0.5409688353538513,Mark_Wahlberg,Mark_Wahlberg,True
0.7318504452705383,Martha_Burk,Martha_Burk,True
0.6980112195014954,Martha_Lucia_Ramirez,Martha_Lucia_Ramirez,True
0.6027524471282959,Martha_Stewart,Martha_Stewart,True
0.7542812824249268,Martin_McGuinness,Martin_McGuinness,True
0.8057536482810974,Martin_Scorsese,Martin_Scorsese,True
0.8677488565444946,Martin_Verkerk,Martin_Verkerk,True
0.4390648901462555,Martina_Hingis,Martina_Hingis,True
0.6821656227111816,Martina_McBride,Martina_McBride,True
0.6878984570503235,Marty_Mornhinweg,Marty_Mornhinweg,True
0.5696222186088562,Mary-Kate_Olsen,Mary-Kate_Olsen,True
0.752593994140625,Mary_Carey,Mary_Carey,True
0.7387727499008179,Mary_Landrieu,Mary_Landrieu,True
0.5557016730308533,Mary_Steenburgen,Mary_Steenburgen,True
0.8603813648223877,Masum_Turker,Masum_Turker,True
0.6863797903060913,Mathias_Reichhold,Mathias_Reichhold,True
0.7755095958709717,Matt_Damon,Matt_Damon,True
0.6808375716209412,Matt_Dillon,Matt_Dillon,True
0.8058196902275085,Matt_Doherty,Matt_Doherty,True
0.5802252292633057,Matthew_Broderick,Matthew_Broderick,True
0.631135880947113,Matthew_Perry,Matthew_Perry,True
0.5182281136512756,Megan_Mullally,Megan_Mullally,True
0.6851022243499756,Megawati_Sukarnoputri,Megawati_Sukarnoputri,True
0.4716692566871643,Melanie_Griffith,Melanie_Griffith,True
0.6662429571151733,Meryl_Streep,Meryl_Streep,True
0.6419224143028259,Michael_Ballack,Michael_Ballack,True
0.6980090737342834,Michael_Bloomberg,Michael_Bloomberg,True
0.7055314779281616,Michael_Caine,Michael_Caine,True
0.6892498135566711,Michael_Chang,Michael_Chang,True
0.7758130431175232,Michael_Chiklis,Michael_Chiklis,True
0.7956047058105469,Michael_Douglas,Michael_Douglas,True
0.7018137574195862,Michael_Jackson,Michael_Jackson,True
0.6399095058441162,Michael_Jordan,Michael_Jordan,True
0.8280845880508423,Michael_Moore,Michael_Moore,True
0.8468591570854187,Michael_Phelps,Michael_Phelps,True
0.7571736574172974,Michael_Powell,Michael_Powell,True
0.7781192660331726,Michael_Schumacher,Michael_Schumacher,True
0.8070570230484009,Michael_Winterbottom,Michael_Winterbottom,True
0.7174046039581299,Michelle_Kwan,Michelle_Kwan,True
0.6382961273193359,Michelle_Yeoh,Michelle_Yeoh,True
0.7322242856025696,Mick_Jagger,Mick_Jagger,True
0.8153336644172668,Mike_Krzyzewski,Mike_Krzyzewski,True
0.8597542643547058,Mike_Martz,Mike_Martz,True
0.6888259649276733,Mike_Myers,Mike_Myers,True
0.7252446413040161,Mike_Tyson,Mike_Tyson,True
0.7563067078590393,Mike_Weir,Mike_Weir,True
0.8172466158866882,Mikhail_Kasyanov,Mikhail_Kasyanov,True
0.8717950582504272,Mikhail_Wehbe,Mikhail_Wehbe,True
0.7965527772903442,Mikhail_Youzhny,Mikhail_Youzhny,True
0.819663941860199,Milo_Maestrecampo,Milo_Maestrecampo,True
0.6429057121276855,Mireya_Moscoso,Mireya_Moscoso,True
0.7866094708442688,Mitchell_Daniels,Mitchell_Daniels,True
0.720166027545929,Mohamed_ElBaradei,Mohamed_ElBaradei,True
0.7415682673454285,Mohammad_Khatami,Mohammad_Khatami,True
0.7336117625236511,Mohammed_Al-Douri,Mohammed_Al-Douri,True
0.8248388767242432,Mohammed_Baqir_al-Hakim,Mohammed_Baqir_al-Hakim,True
0.623140275478363,Monica_Bellucci,Monica_Bellucci,True
0.5737352967262268,Monica_Lewinsky,Monica_Lewinsky,True
0.47887155413627625,Monica_Seles,Monica_Seles,True
0.7876037955284119,Monique_Garbrecht-Enfeldt,Monique_Garbrecht-Enfeldt,True
0.5278332829475403,Muhammad_Ali,Muhammad_Ali,True
0.7774155139923096,Muhammad_Saeed_al-Sahhaf,Muhammad_Saeed_al-Sahhaf,True
0.6139678955078125,Mukesh_Ambani,Mukesh_Ambani,True
0.6795615553855896,Nabil_Shaath,Nabil_Shaath,True
0.6902223229408264,Nadia_Petrova,Nadia_Petrova,True
0.81621915102005,Naji_Sabri,Naji_Sabri,True
0.7399968504905701,Nan_Wang,Nan_Wang,True
0.7357221841812134,Nancy_Pelosi,Nancy_Pelosi,True
0.6958819031715393,Naomi_Watts,Naomi_Watts,True
0.942277193069458,Naoto_Kan,Naoto_Kan,True
0.6691033840179443,Natalie_Cole,Natalie_Cole,True
0.7673695683479309,Natalie_Coughlin,Natalie_Coughlin,True
0.6185097098350525,Natalie_Maines,Natalie_Maines,True
0.8804652690887451,Natasha_McElhone,Natasha_McElhone,True
0.648271381855011,Nathalie_Baye,Nathalie_Baye,True
0.6838333606719971,Nelson_Mandela,Nelson_Mandela,True
0.824489414691925,Nestor_Kirchner,Nestor_Kirchner,True
0.7179207801818848,Nia_Vardalos,Nia_Vardalos,True
0.6421979665756226,Nicanor_Duarte_Frutos,Nicanor_Duarte_Frutos,True
0.5546698570251465,Nick_Nolte,Nick_Nolte,True
0.8492256999015808,Nicolas_Cage,Nicolas_Cage,True
0.5936074256896973,Nicole_Kidman,Nicole_Kidman,True
0.9075645208358765,Noah_Wyle,Noah_Wyle,True
0.7766056656837463,Noelle_Bush,Noelle_Bush,True
0.6311111450195312,Norah_Jones,Norah_Jones,True
0.7363561987876892,Norm_Coleman,Norm_Coleman,True
0.8983980417251587,Omar_Sharif,Omar_Sharif,True
0.5515432953834534,Oprah_Winfrey,Oprah_Winfrey,True
0.8827394247055054,Osama_bin_Laden,Osama_bin_Laden,True
0.7479185461997986,Oscar_De_La_Hoya,Oscar_De_La_Hoya,True
0.8478661775588989,Oswaldo_Paya,Oswaldo_Paya,True
0.7682983875274658,Oxana_Fedorova,Oxana_Fedorova,True
0.6188685894012451,Padraig_Harrington,Padraig_Harrington,True
0.6850389242172241,Pamela_Anderson,Pamela_Anderson,True
0.7851592898368835,Paradorn_Srichaphan,Paradorn_Srichaphan,True
0.77455735206604,Pascal_Quignard,Pascal_Quignard,True
0.6663565635681152,Patricia_Clarkson,Patricia_Clarkson,True
0.7543199062347412,Patti_Labelle,Patti_Labelle,True
0.6559792160987854,Patty_Schnyder,Patty_Schnyder,True
0.6673648953437805,Paul-Henri_Mathieu,Paul-Henri_Mathieu,True
0.7172133922576904,Paul_Bremer,Paul_Bremer,True
0.845850944519043,Paul_Burrell,Paul_Burrell,True
0.44472700357437134,Paul_Martin,Paul_Martin,True
0.8634705543518066,Paul_McCartney,Paul_McCartney,True
0.7681596875190735,Paul_ONeill,Paul_ONeill,True
0.6448984742164612,Paul_Tagliabue,Paul_Tagliabue,True
0.6970421075820923,Paul_Wolfowitz,Paul_Wolfowitz,True
0.8105129599571228,Paula_Radcliffe,Paula_Radcliffe,True
0.8383134603500366,Pedro_Almodovar,Pedro_Almodovar,True
0.6571746468544006,Pedro_Malan,Pedro_Malan,True
0.7428594827651978,Pedro_Solbes,Pedro_Solbes,True
0.6250487565994263,Penelope_Cruz,Penelope_Cruz,True
0.8056198358535767,Pervez_Musharraf,Pervez_Musharraf,True
0.7198302149772644,Pete_Carroll,Pete_Carroll,True
0.7281827926635742,Pete_Sampras,Pete_Sampras,True
0.6724298596382141,Peter_Arnett,Peter_Arnett,True
0.7888104319572449,Peter_Struck,Peter_Struck,True
0.8778833746910095,Petria_Thomas,Petria_Thomas,True
0.7287219762802124,Pierce_Brosnan,Pierce_Brosnan,True
0.5615645051002502,Placido_Domingo,Placido_Domingo,True
0.8408300280570984,Prince_Charles,Prince_Charles,True
0.7913650870323181,Prince_Claus,Prince_Claus,True
0.8401498794555664,Prince_Harry,Prince_Harry,True
0.6252959966659546,Prince_Willem-Alexander,Prince_Willem-Alexander,True
0.7672650218009949,Princess_Caroline,Princess_Caroline,True
0.7499815225601196,Queen_Beatrix,Queen_Beatrix,True
0.7508875727653503,Queen_Elizabeth_II,Queen_Elizabeth_II,True
0.7599580883979797,Queen_Latifah,Queen_Latifah,True
0.7800132632255554,Queen_Rania,Queen_Rania,True
0.7601171731948853,Rachel_Griffiths,Rachel_Griffiths,True
0.7459577918052673,Rachel_Hunter,Rachel_Hunter,True
0.8605301976203918,Rafael_Ramirez,Rafael_Ramirez,True
0.5400508046150208,Rainer_Schuettler,Rainer_Schuettler,True
0.7112520933151245,Ralf_Schumacher,Ralf_Schumacher,True
0.6231715083122253,Ranil_Wickremasinghe,Ranil_Wickremasinghe,True
0.901447057723999,Raoul_Ruiz,Raoul_Ruiz,True
0.6905355453491211,Ray_Allen,Ray_Allen,True
0.8607208728790283,Ray_Romano,Ray_Romano,True
0.5833718180656433,Rebecca_Romijn-Stamos,Rebecca_Romijn-Stamos,True
0.8307482004165649,Recep_Tayyip_Erdogan,Recep_Tayyip_Erdogan,True
0.6216617226600647,Reese_Witherspoon,Reese_Witherspoon,True
0.7426971793174744,Renee_Zellweger,Renee_Zellweger,True
0.8309994339942932,Ricardo_Lagos,Ricardo_Lagos,True
0.7580803632736206,Ricardo_Sanchez,Ricardo_Sanchez,True
0.7780033349990845,Richard_Armitage,Richard_Armitage,True
0.7556577920913696,Richard_Gephardt,Richard_Gephardt,True
0.8038402795791626,Richard_Gere,Richard_Gere,True
0.6130357384681702,Richard_Krajicek,Richard_Krajicek,True
0.8046940565109253,Richard_Myers,Richard_Myers,True
0.6502746939659119,Richard_Virenque,Richard_Virenque,True
0.756402313709259,Rick_Barnes,Rick_Barnes,True
0.7417808175086975,Rick_Carlisle,Rick_Carlisle,True
0.869755208492279,Rick_Dinse,Rick_Dinse,True
0.736320436000824,Rick_Perry,Rick_Perry,True
0.7512190341949463,Rick_Pitino,Rick_Pitino,True
0.8000741004943848,Rick_Romley,Rick_Romley,True
0.8342532515525818,Rick_Stansbury,Rick_Stansbury,True
0.6279101967811584,Rita_Grande,Rita_Grande,True
0.8482655882835388,Rita_Wilson,Rita_Wilson,True
0.7412211894989014,Rob_Lowe,Rob_Lowe,True
0.8487499356269836,Rob_Marshall,Rob_Marshall,True
0.6474934816360474,Robbie_Williams,Robbie_Williams,True
0.8058624863624573,Robert_Blake,Robert_Blake,True
0.7820416688919067,Robert_Bonner,Robert_Bonner,True
0.6457113027572632,Robert_De_Niro,Robert_De_Niro,True
0.8593381643295288,Robert_Duvall,Robert_Duvall,True
0.7630499601364136,Robert_Kocharian,Robert_Kocharian,True
0.8727949261665344,Robert_Mueller,Robert_Mueller,True
0.9024269580841064,Robert_Redford,Robert_Redford,True
0.740373969078064,Robert_Torricelli,Robert_Torricelli,True
0.6344037055969238,Robert_Zoellick,Robert_Zoellick,True
0.7162185311317444,Roberto_Carlos,Roberto_Carlos,True
0.72454434633255,Roberto_Marinho,Roberto_Marinho,True
0.6314813494682312,Rod_Stewart,Rod_Stewart,True
0.7123526334762573,Roger_Federer,Roger_Federer,True
0.865875780582428,Roger_Moore,Roger_Moore,True
0.8834477066993713,Roh_Moo-hyun,Roh_Moo-hyun,True
0.7129921913146973,Roman_Polanski,Roman_Polanski,True
0.7811681032180786,Romano_Prodi,Romano_Prodi,True
0.826111912727356,Ron_Dittemore,Ron_Dittemore,True
0.7194101810455322,Ronald_Reagan,Ronald_Reagan,True
0.8839768767356873,Ronaldo_Luis_Nazario_de_Lima,Ronaldo_Luis_Nazario_de_Lima,True
0.5660950541496277,Roseanne_Barr,Roseanne_Barr,True
0.7719177603721619,Roy_Moore,Roy_Moore,True
0.5875080227851868,Roy_Williams,Roy_Williams,True
0.7647868990898132,Rubens_Barrichello,Rubens_Barrichello,True
0.7431855201721191,Rudolph_Giuliani,Rudolph_Giuliani,True
0.8812710046768188,Russell_Simmons,Russell_Simmons,True
0.7711248993873596,Sachiko_Yamada,Sachiko_Yamada,True
0.774947464466095,Saddam_Hussein,Saddam_Hussein,True
0.4626520574092865,Sadie_Frost,Sadie_Frost,True
0.7812660336494446,Sally_Field,Sally_Field,True
0.5544408559799194,Sally_Kirkland,Sally_Kirkland,True
0.677527904510498,Salma_Hayek,Salma_Hayek,True
0.8373826146125793,Salman_Rushdie,Salman_Rushdie,True
0.7079880833625793,Sam_Bith,Sam_Bith,True
0.9427741765975952,Sam_Torrance,Sam_Torrance,True
0.813994288444519,Samuel_Waksal,Samuel_Waksal,True
0.7414949536323547,Sarah_Hughes,Sarah_Hughes,True
0.6894314289093018,Sarah_Jessica_Parker,Sarah_Jessica_Parker,True
0.6029341220855713,Sarah_Michelle_Gellar,Sarah_Michelle_Gellar,True
0.91404128074646,Scott_McClellan,Scott_McClellan,True
0.7337750792503357,Scott_Peterson,Scott_Peterson,True
0.8861281275749207,Sean_OKeefe,Sean_OKeefe,True
0.8386272192001343,Sean_Patrick_OMalley,Sean_Patrick_OMalley,True
0.9040734767913818,Sean_Penn,Sean_Penn,True
0.6770648956298828,Sebastian_Saja,Sebastian_Saja,True
0.8175395131111145,Sebastien_Grosjean,Sebastien_Grosjean,True
0.6305699944496155,Sepp_Blatter,Sepp_Blatter,True
0.7805675864219666,Serena_Williams,Serena_Williams,True
0.7357877492904663,Sergei_Ivanov,Sergei_Ivanov,True
0.8345461487770081,Sergey_Lavrov,Sergey_Lavrov,True
0.7579419612884521,Sergio_Vieira_De_Mello,Sergio_Vieira_De_Mello,True
0.5679030418395996,Sharon_Stone,Sharon_Stone,True
0.6670923829078674,Sheila_Copps,Sheila_Copps,True
0.681587278842926,Sheryl_Crow,Sheryl_Crow,True
0.6987307667732239,Shimon_Peres,Shimon_Peres,True
0.726026177406311,Sila_Calderon,Sila_Calderon,True
0.7374235987663269,Silvan_Shalom,Silvan_Shalom,True
0.7325646281242371,Silvia_Farina_Elia,Silvia_Farina_Elia,True
0.7741982936859131,Silvio_Berlusconi,Silvio_Berlusconi,True
0.794248104095459,Slobodan_Milosevic,Slobodan_Milosevic,True
0.8360335230827332,Sonia_Gandhi,Sonia_Gandhi,True
0.7309286594390869,Sophia_Loren,Sophia_Loren,True
0.5693427920341492,Sourav_Ganguly,Sourav_Ganguly,True
0.8470848202705383,Spencer_Abraham,Spencer_Abraham,True
0.7588277459144592,Stanley_McChrystal,Stanley_McChrystal,True
0.6269374489784241,Steffi_Graf,Steffi_Graf,True
0.6837777495384216,Steve_Ballmer,Steve_Ballmer,True
0.788916289806366,Steve_Lavin,Steve_Lavin,True
0.7986403703689575,Steve_Mariucci,Steve_Mariucci,True
0.7091802954673767,Steve_Nash,Steve_Nash,True
0.8084121346473694,Steven_Spielberg,Steven_Spielberg,True
0.6508492231369019,Stockard_Channing,Stockard_Channing,True
0.5929062962532043,Strom_Thurmond,Strom_Thurmond,True
0.5966490507125854,Susan_Sarandon,Susan_Sarandon,True
0.7454767823219299,Susilo_Bambang_Yudhoyono,Susilo_Bambang_Yudhoyono,True
0.7879287600517273,Sylvester_Stallone,Sylvester_Stallone,True
0.7374593615531921,Taha_Yassin_Ramadan,Taha_Yassin_Ramadan,True
0.895696759223938,Tang_Jiaxuan,Tang_Jiaxuan,True
0.8109434843063354,Tariq_Aziz,Tariq_Aziz,True
0.8894171714782715,Taufik_Hidayat,Taufik_Hidayat,True
0.7302076816558838,Terry_McAuliffe,Terry_McAuliffe,True
0.5916057825088501,Thabo_Mbeki,Thabo_Mbeki,True
0.7738717198371887,Thaksin_Shinawatra,Thaksin_Shinawatra,True
0.7868320345878601,Theodore_Tweed_Roosevelt,Theodore_Tweed_Roosevelt,True
0.5857923626899719,Thierry_Falise,Thierry_Falise,True
0.7871578335762024,Thomas_Fargo,Thomas_Fargo,True
0.8185999989509583,Thomas_OBrien,Thomas_OBrien,True
0.5088220238685608,Thomas_Rupprath,Thomas_Rupprath,True
0.6289347410202026,Tiger_Woods,Tiger_Woods,True
0.868514358997345,Tim_Allen,Tim_Allen,True
0.6711819171905518,Tim_Conway,Tim_Conway,True
0.8720924258232117,Tim_Duncan,Tim_Duncan,True
0.803471028804779,Tim_Henman,Tim_Henman,True
0.7867252826690674,Tim_Robbins,Tim_Robbins,True
0.5928853154182434,Todd_Haynes,Todd_Haynes,True
0.8795239329338074,Tom_Craddick,Tom_Craddick,True
0.6554218530654907,Tom_Crean,Tom_Crean,True
0.7668625116348267,Tom_Cruise,Tom_Cruise,True
0.7008870840072632,Tom_Daschle,Tom_Daschle,True
0.7800453305244446,Tom_Hanks,Tom_Hanks,True
0.701181173324585,Tom_Harkin,Tom_Harkin,True
0.7036986947059631,Tom_Reilly,Tom_Reilly,True
0.7506042718887329,Tom_Ridge,Tom_Ridge,True
0.6140749454498291,Tom_Watson,Tom_Watson,True
0.757392168045044,Tommy_Franks,Tommy_Franks,True
0.6441650986671448,Tommy_Haas,Tommy_Haas,True
0.5400844216346741,Tommy_Robredo,Tommy_Robredo,True
0.7558121681213379,Tommy_Thompson,Tommy_Thompson,True
0.5784265995025635,Toni_Braxton,Toni_Braxton,True
0.8326181173324585,Tony_Bennett,Tony_Bennett,True
0.7136929631233215,Tony_Blair,Tony_Blair,True
0.7647258639335632,Tony_Shalhoub,Tony_Shalhoub,True
0.7747735977172852,Tony_Stewart,Tony_Stewart,True
0.84319669008255,Toshihiko_Fukui,Toshihiko_Fukui,True
0.7759544849395752,Trent_Lott,Trent_Lott,True
0.8176818490028381,Tubby_Smith,Tubby_Smith,True
0.7731449604034424,Tung_Chee-hwa,Tung_Chee-hwa,True
0.7651755213737488,Vaclav_Havel,Vaclav_Havel,True
0.6946915984153748,Valentino_Rossi,Valentino_Rossi,True
0.7891061902046204,Valery_Giscard_dEstaing,Valery_Giscard_dEstaing,True
0.8344462513923645,Vanessa_Incontrada,Vanessa_Incontrada,True
0.6822831630706787,Vanessa_Redgrave,Vanessa_Redgrave,True
0.5343068838119507,Vanessa_Williams,Vanessa_Williams,True
0.6649149656295776,Venus_Williams,Venus_Williams,True
0.7235151529312134,Vicente_Fernandez,Vicente_Fernandez,True
0.7924479246139526,Vicente_Fox,Vicente_Fox,True
0.2843343913555145,Holly_Hunter,Victoria_Beckham,True
0.5668740272521973,Victoria_Clarke,Victoria_Clarke,True
0.6555043458938599,Vince_Carter,Vince_Carter,True
0.8218011260032654,Vincent_Brooks,Vincent_Brooks,True
0.6702609658241272,Vitali_Klitschko,Vitali_Klitschko,True
0.7838873267173767,Vladimir_Putin,Vladimir_Putin,True
0.8101584315299988,Vladimir_Spidla,Vladimir_Spidla,True
0.6837300062179565,Vojislav_Kostunica,Vojislav_Kostunica,True
0.5967496037483215,Walter_Mondale,Walter_Mondale,True
0.775901198387146,Wang_Yingfan,Wang_Yingfan,True
0.7893513441085815,Warren_Buffett,Warren_Buffett,True
0.7812318205833435,Wayne_Ferreira,Wayne_Ferreira,True
0.8382437229156494,Wayne_Gretzky,Wayne_Gretzky,True
0.7811790108680725,Wen_Jiabao,Wen_Jiabao,True
0.7853069305419922,William_Bratton,William_Bratton,True
0.69259113073349,William_Bulger,William_Bulger,True
0.631533682346344,William_Donaldson,William_Donaldson,True
0.7533888220787048,William_Ford_Jr,William_Ford_Jr,True
0.7985389828681946,William_Macy,William_Macy,True
0.7889974117279053,Win_Aung,Win_Aung,True
0.7145872712135315,Winona_Ryder,Winona_Ryder,True
0.7470045685768127,Wolfgang_Schuessel,Wolfgang_Schuessel,True
0.6204546093940735,Woody_Allen,Woody_Allen,True
0.8031814694404602,Wu_Yi,Wu_Yi,True
0.7317155599594116,Xanana_Gusmao,Xanana_Gusmao,True
0.8612393140792847,Xavier_Malisse,Xavier_Malisse,True
0.8092957139015198,Yao_Ming,Yao_Ming,True
0.7747652530670166,Yasar_Yakis,Yasar_Yakis,True
0.7717130184173584,Yashwant_Sinha,Yashwant_Sinha,True
0.8127586245536804,Yasser_Arafat,Yasser_Arafat,True
0.7275871634483337,Yevgeny_Kafelnikov,Yevgeny_Kafelnikov,True
0.8727096319198608,Yoko_Ono,Yoko_Ono,True
0.8017107844352722,Yoriko_Kawaguchi,Yoriko_Kawaguchi,True
0.8446287512779236,Yu_Shyi-kun,Yu_Shyi-kun,True
0.3192111551761627,Xavier_Malisse,Zhang_Ziyi,True
0.802014172077179,Zhu_Rongji,Zhu_Rongji,True
0.846747875213623,Zico,Zico,True
0.7450079321861267,Zinedine_Zidane,Zinedine_Zidane,True
0.8283631205558777,Zoran_Djindjic,Zoran_Djindjic,True
