timestamp,memory_available_in_mb,swap_used_in_mb,temperature_in_c,throttled_status
1786476994,3295,0,40.9,0x0
1786476995,3295,0,41.8,0x0
1786476996,3295,0,40.9,0x0
1786476997,3295,0,41.8,0x0
1786476998,3295,0,41.8,0x0
1786476999,3296,0,41.3,0x0
1786477000,3295,0,41.3,0x0
1786477001,3296,0,40.9,0x0
1786477002,3296,0,40.9,0x0
1786477003,3296,0,41.3,0x0
1786477004,3296,0,41.3,0x0
1786477005,3296,0,41.3,0x0
1786477006,3296,0,41.3,0x0
1786477007,3295,0,41.3,0x0
1786477008,3296,0,41.8,0x0
1786477009,3296,0,41.8,0x0
1786477010,3297,0,40.9,0x0
1786477011,3296,0,40.9,0x0
1786477013,3296,0,40.4,0x0
1786477014,3296,0,41.3,0x0
1786477015,3296,0,41.3,0x0
1786477016,3296,0,41.3,0x0
1786477017,3296,0,40.9,0x0
1786477018,3296,0,41.3,0x0
1786477019,3296,0,41.3,0x0
1786477020,3296,0,40.9,0x0
1786477021,3296,0,40.9,0x0
1786477022,3296,0,40.4,0x0
1786477023,3296,0,41.3,0x0
1786477024,3297,0,41.3,0x0
1786477025,3296,0,41.3,0x0
1786477026,3296,0,41.8,0x0
1786477027,3296,0,41.3,0x0
1786477028,3296,0,40.4,0x0
1786477029,3296,0,41.8,0x0
1786477030,3296,0,40.9,0x0
1786477031,3296,0,40.9,0x0
1786477032,3296,0,40.4,0x0
1786477033,3296,0,40.9,0x0
1786477034,3296,0,40.9,0x0
1786477035,3296,0,41.3,0x0
1786477037,3296,0,40.4,0x0
1786477038,3296,0,40.9,0x0
1786477039,3296,0,40.9,0x0
1786477040,3297,0,40.4,0x0
1786477041,3297,0,40.4,0x0
1786477042,3296,0,40.9,0x0
1786477043,3297,0,39.9,0x0
1786477044,3297,0,40.4,0x0
1786477045,3296,0,40.9,0x0
1786477046,3296,0,41.3,0x0
1786477047,3296,0,40.9,0x0
1786477048,3296,0,40.4,0x0
1786477049,3296,0,39.4,0x0
1786477050,3296,0,41.3,0x0
1786477051,3296,0,40.4,0x0
1786477052,3296,0,41.8,0x0
1786477053,3296,0,39.9,0x0
1786477054,3296,0,41.3,0x0
1786477055,3296,0,39.9,0x0
1786477056,3296,0,40.9,0x0
1786477057,3296,0,39.9,0x0
1786477058,3296,0,41.8,0x0
1786477059,3296,0,40.4,0x0
1786477060,3296,0,39.9,0x0
1786477062,3296,0,40.4,0x0
1786477063,3296,0,40.9,0x0
1786477064,3296,0,39.9,0x0
1786477065,3296,0,40.9,0x0
1786477066,3296,0,40.4,0x0
1786477067,3296,0,40.9,0x0
1786477068,3296,0,40.9,0x0
1786477069,3296,0,41.3,0x0
1786477070,3296,0,40.9,0x0
1786477071,3299,0,40.9,0x0
1786477072,3300,0,39.9,0x0
1786477073,3300,0,40.9,0x0
1786477074,3300,0,40.9,0x0
1786477075,3300,0,40.4,0x0
1786477076,3300,0,40.4,0x0
1786477077,3300,0,40.9,0x0
1786477078,3300,0,40.9,0x0
1786477079,3300,0,41.3,0x0
1786477080,3300,0,39.9,0x0
1786477081,3300,0,40.4,0x0
1786477082,3300,0,39.9,0x0
1786477083,3300,0,40.9,0x0
1786477084,3300,0,39.9,0x0
1786477086,3300,0,39.9,0x0
1786477087,3300,0,39.9,0x0
1786477088,3301,0,40.9,0x0
1786477089,3301,0,39.9,0x0
1786477090,3301,0,40.4,0x0
1786477091,3301,0,40.9,0x0
1786477092,3302,0,39.9,0x0
1786477093,3302,0,40.4,0x0
1786477094,3302,0,40.9,0x0
1786477095,3302,0,40.9,0x0
1786477096,3302,0,40.4,0x0
1786477097,3302,0,40.4,0x0
1786477098,3302,0,41.8,0x0
1786477099,3302,0,40.9,0x0
1786477100,3302,0,40.9,0x0
1786477101,3302,0,40.9,0x0
1786477102,3302,0,41.3,0x0
1786477103,3302,0,39.9,0x0
1786477104,3302,0,40.9,0x0
1786477105,3302,0,40.4,0x0
1786477106,3302,0,39.9,0x0
1786477107,3302,0,40.4,0x0
1786477108,3302,0,41.3,0x0
1786477109,3302,0,41.3,0x0
1786477110,3302,0,39.4,0x0
1786477112,3302,0,39.9,0x0
1786477113,3302,0,40.4,0x0
1786477114,3302,0,39.9,0x0
1786477115,3302,0,39.4,0x0
1786477116,3302,0,40.4,0x0
1786477117,3302,0,40.4,0x0
1786477118,3302,0,40.9,0x0
1786477119,3302,0,39.9,0x0
1786477120,3302,0,41.8,0x0
1786477121,3268,0,40.9,0x0
1786477122,3265,0,42.3,0x0
1786477123,3244,0,41.8,0x0
1786477124,3244,0,40.9,0x0
1786477125,3238,0,42.8,0x0
1786477126,3238,0,42.3,0x0
1786477127,3238,0,41.8,0x0
1786477128,3234,0,43.3,0x0
1786477129,3230,0,42.8,0x0
1786477130,3229,0,42.8,0x0
1786477131,3230,0,42.8,0x0
1786477132,3234,0,40.9,0x0
1786477133,3229,0,43.3,0x0
1786477134,3204,0,42.3,0x0
1786477135,3142,0,45.2,0x0
1786477136,3099,0,44.3,0x0
1786477137,3044,0,45.2,0x0
1786477138,3005,0,45.2,0x0
1786477139,2983,0,44.3,0x0
1786477140,2956,0,45.2,0x0
1786477142,2943,0,45.7,0x0
1786477143,2880,0,45.7,0x0
1786477144,2844,0,45.7,0x0
1786477145,2843,0,45.7,0x0
1786477146,2847,0,48.2,0x0
1786477147,2846,0,49.6,0x0
1786477148,2844,0,51.1,0x0
1786477149,2844,0,50.1,0x0
1786477150,2809,0,51.6,0x0
1786477151,2812,0,51.1,0x0
1786477152,2809,0,51.1,0x0
1786477153,2809,0,52.5,0x0
1786477154,2812,0,52.1,0x0
1786477155,2816,0,52.5,0x0
1786477156,2825,0,53.5,0x0
1786477157,2829,0,52.5,0x0
1786477158,2840,0,53.5,0x0
1786477159,2841,0,53.5,0x0
1786477160,2850,0,53.0,0x0
1786477161,2850,0,54.5,0x0
1786477163,2853,0,54.0,0x0
1786477164,2854,0,54.0,0x0
1786477165,2850,0,54.5,0x0
1786477166,2851,0,54.5,0x0
1786477167,2857,0,55.0,0x0
1786477168,2857,0,55.5,0x0
1786477169,2854,0,55.0,0x0
1786477170,2855,0,56.0,0x0
1786477171,2856,0,55.0,0x0
1786477172,2856,0,56.4,0x0
1786477173,2853,0,55.5,0x0
1786477174,2854,0,56.0,0x0
1786477175,2858,0,56.4,0x0
1786477176,2858,0,56.9,0x0
1786477177,2859,0,56.4,0x0
1786477178,2859,0,56.9,0x0
1786477179,2853,0,56.4,0x0
1786477180,2856,0,56.9,0x0
1786477182,2856,0,57.9,0x0
1786477183,2862,0,57.9,0x0
1786477184,2860,0,58.4,0x0
1786477185,2862,0,57.4,0x0
1786477186,2862,0,57.4,0x0
1786477187,2861,0,57.4,0x0
1786477188,2864,0,58.4,0x0
1786477189,2865,0,57.4,0x0
1786477190,2866,0,57.9,0x0
1786477191,2865,0,57.4,0x0
1786477192,2864,0,58.9,0x0
1786477193,2860,0,57.4,0x0
1786477194,2861,0,58.9,0x0
1786477195,2860,0,58.4,0x0
1786477196,2861,0,58.9,0x0
1786477197,2864,0,58.9,0x0
1786477198,2866,0,59.9,0x0
1786477200,2869,0,59.4,0x0
1786477201,2869,0,59.9,0x0
1786477202,2869,0,59.9,0x0
1786477203,2869,0,58.9,0x0
1786477204,2867,0,60.3,0x0
1786477205,2866,0,59.4,0x0
1786477206,2862,0,59.4,0x0
1786477207,2863,0,60.3,0x0
1786477208,2864,0,59.9,0x0
1786477209,2865,0,60.3,0x0
1786477210,2867,0,60.8,0x0
1786477211,2867,0,60.3,0x0
1786477212,2864,0,60.8,0x0
1786477213,2864,0,59.9,0x0
1786477214,2858,0,60.3,0x0
1786477215,2858,0,60.8,0x0
1786477216,2862,0,60.3,0x0
1786477217,2861,0,61.3,0x0
1786477218,2865,0,61.3,0x0
1786477220,2864,0,60.3,0x0
1786477221,2860,0,60.3,0x0
1786477222,2859,0,61.3,0x0
1786477223,2867,0,60.3,0x0
1786477224,2867,0,61.8,0x0
1786477225,2865,0,60.3,0x0
1786477226,2865,0,61.8,0x0
1786477227,2863,0,61.8,0x0
1786477228,2863,0,61.3,0x0
1786477229,2858,0,61.8,0x0
1786477230,2863,0,61.3,0x0
1786477231,2860,0,61.8,0x0
1786477232,2866,0,61.8,0x0
1786477233,2863,0,61.3,0x0
1786477234,2864,0,61.8,0x0
1786477235,2863,0,61.3,0x0
1786477236,2866,0,62.3,0x0
1786477238,2866,0,62.3,0x0
1786477239,2867,0,62.3,0x0
1786477240,2867,0,62.3,0x0
1786477241,2866,0,62.3,0x0
1786477242,2866,0,62.8,0x0
1786477243,2865,0,61.8,0x0
1786477244,2866,0,61.8,0x0
1786477245,2865,0,61.8,0x0
1786477246,2865,0,62.3,0x0
1786477247,2863,0,62.8,0x0
1786477248,2863,0,62.8,0x0
1786477249,2866,0,62.8,0x0
1786477250,2868,0,63.7,0x0
1786477251,2865,0,62.8,0x0
1786477252,2865,0,62.8,0x0
1786477253,2867,0,61.8,0x0
1786477254,2867,0,63.7,0x0
1786477255,2860,0,62.3,0x0
1786477256,2861,0,61.8,0x0
1786477257,2858,0,63.3,0x0
1786477259,2860,0,62.8,0x0
1786477260,2861,0,63.3,0x0
1786477261,2860,0,63.3,0x0
1786477262,2869,0,63.3,0x0
1786477263,2870,0,63.7,0x0
1786477264,2868,0,63.3,0x0
1786477265,2869,0,63.3,0x0
1786477266,2863,0,62.8,0x0
1786477267,2864,0,64.2,0x0
1786477268,2862,0,63.3,0x0
1786477269,2867,0,64.2,0x0
1786477270,2867,0,63.7,0x0
1786477271,2871,0,64.2,0x0
1786477272,2870,0,63.7,0x0
1786477273,2871,0,63.7,0x0
1786477274,2873,0,63.7,0x0
1786477275,2869,0,63.3,0x0
1786477277,2870,0,64.7,0x0
1786477278,2868,0,63.7,0x0
1786477279,2869,0,63.7,0x0
1786477280,2869,0,63.3,0x0
1786477281,2870,0,63.7,0x0
1786477282,2869,0,63.3,0x0
1786477283,2870,0,64.7,0x0
1786477284,2867,0,64.2,0x0
1786477285,2867,0,63.7,0x0
1786477286,2871,0,63.7,0x0
1786477287,2870,0,64.2,0x0
1786477288,2874,0,63.7,0x0
1786477289,2874,0,63.7,0x0
1786477290,2871,0,63.7,0x0
1786477291,2870,0,63.7,0x0
1786477292,2869,0,64.7,0x0
1786477293,2870,0,64.2,0x0
1786477294,2871,0,64.2,0x0
1786477295,2870,0,63.7,0x0
1786477296,2868,0,64.7,0x0
1786477297,2871,0,64.7,0x0
1786477299,2870,0,64.2,0x0
1786477300,2870,0,65.2,0x0
1786477301,2869,0,64.7,0x0
1786477302,2870,0,65.2,0x0
1786477303,2874,0,65.2,0x0
1786477304,2874,0,64.7,0x0
1786477305,2876,0,65.7,0x0
1786477306,2876,0,66.2,0x0
1786477307,2871,0,64.2,0x0
1786477308,2876,0,64.7,0x0
1786477309,2876,0,64.7,0x0
1786477310,2875,0,65.2,0x0
1786477311,2875,0,64.7,0x0
1786477312,2875,0,64.2,0x0
1786477313,2876,0,65.2,0x0
1786477314,2876,0,64.7,0x0
1786477315,2876,0,65.2,0x0
1786477316,2875,0,65.7,0x0
1786477318,2875,0,66.2,0x0
1786477319,2877,0,65.7,0x0
1786477320,2878,0,64.7,0x0
1786477321,2881,0,65.2,0x0
1786477322,2880,0,65.2,0x0
1786477323,2874,0,65.7,0x0
1786477324,2875,0,65.2,0x0
1786477325,2873,0,66.2,0x0
1786477326,2872,0,65.7,0x0
1786477327,2878,0,65.7,0x0
1786477328,2877,0,66.2,0x0
1786477329,2876,0,65.2,0x0
1786477330,2876,0,66.2,0x0
1786477331,2872,0,65.7,0x0
1786477332,2873,0,65.2,0x0
1786477333,2873,0,65.2,0x0
1786477334,2872,0,67.2,0x0
1786477335,2876,0,65.2,0x0
1786477336,2876,0,65.7,0x0
1786477337,2877,0,66.2,0x0
1786477339,2878,0,65.7,0x0
1786477340,2876,0,66.2,0x0
1786477341,2877,0,66.2,0x0
1786477342,2878,0,65.7,0x0
1786477343,2879,0,66.2,0x0
1786477344,2874,0,65.7,0x0
1786477345,2880,0,64.7,0x0
1786477346,2879,0,65.2,0x0
1786477347,2879,0,66.7,0x0
1786477348,2878,0,66.2,0x0
1786477349,2875,0,67.2,0x0
1786477350,2875,0,66.2,0x0
1786477351,2872,0,66.7,0x0
1786477352,2873,0,66.7,0x0
1786477353,2873,0,65.7,0x0
1786477354,2873,0,66.2,0x0
1786477355,2872,0,66.2,0x0
1786477357,2873,0,66.2,0x0
1786477358,2877,0,66.7,0x0
1786477359,2877,0,66.7,0x0
1786477360,2876,0,66.7,0x0
1786477361,2876,0,66.2,0x0
1786477362,2876,0,67.2,0x0
1786477363,2877,0,66.7,0x0
1786477364,2876,0,66.2,0x0
1786477365,2877,0,67.2,0x0
1786477366,2876,0,65.7,0x0
1786477367,2876,0,67.2,0x0
1786477368,2875,0,67.2,0x0
1786477369,2875,0,66.2,0x0
1786477370,2876,0,66.7,0x0
1786477371,2876,0,67.2,0x0
1786477372,2872,0,66.7,0x0
1786477373,2872,0,66.7,0x0
1786477375,2871,0,66.2,0x0
1786477376,2871,0,66.7,0x0
1786477377,2872,0,66.7,0x0
1786477378,2872,0,66.7,0x0
1786477379,2873,0,66.2,0x0
1786477380,2874,0,67.2,0x0
1786477381,2876,0,67.2,0x0
1786477382,2877,0,66.7,0x0
1786477383,2876,0,66.7,0x0
1786477384,2876,0,66.7,0x0
1786477385,2872,0,66.7,0x0
1786477386,2874,0,66.7,0x0
1786477387,2872,0,66.7,0x0
1786477388,2872,0,67.6,0x0
1786477389,2873,0,67.2,0x0
1786477390,2877,0,68.1,0x0
1786477391,2877,0,66.2,0x0
1786477392,2872,0,67.2,0x0
1786477393,2872,0,66.2,0x0
1786477395,2868,0,67.6,0x0
1786477396,2868,0,67.6,0x0
1786477397,2870,0,67.6,0x0
1786477398,2871,0,66.2,0x0
1786477399,2873,0,67.2,0x0
1786477400,2874,0,68.1,0x0
1786477401,2876,0,66.7,0x0
1786477402,2876,0,67.6,0x0
1786477403,2873,0,67.2,0x0
1786477404,2875,0,67.6,0x0
1786477405,2875,0,68.1,0x0
1786477406,2884,0,66.7,0x0
1786477407,2884,0,66.7,0x0
1786477408,2885,0,66.7,0x0
1786477409,2889,0,67.6,0x0
1786477410,2889,0,67.6,0x0
1786477411,2882,0,67.2,0x0
1786477413,2882,0,67.2,0x0
1786477414,2884,0,66.7,0x0
1786477415,2886,0,67.6,0x0
1786477416,2887,0,66.2,0x0
1786477417,2888,0,67.6,0x0
1786477418,2885,0,66.2,0x0
1786477419,2885,0,68.6,0x0
1786477420,2885,0,67.6,0x0
1786477421,2885,0,66.7,0x0
1786477422,2885,0,66.2,0x0
1786477423,2885,0,66.7,0x0
1786477424,2882,0,67.6,0x0
1786477425,2883,0,68.1,0x0
1786477426,2880,0,66.7,0x0
1786477427,2882,0,67.6,0x0
1786477428,2881,0,67.2,0x0
1786477429,2887,0,68.1,0x0
1786477430,2886,0,67.6,0x0
1786477431,2889,0,68.1,0x0
1786477433,2888,0,68.1,0x0
1786477434,2886,0,67.2,0x0
1786477435,2885,0,68.6,0x0
1786477436,2886,0,67.2,0x0
1786477437,2887,0,67.6,0x0
1786477438,2886,0,67.6,0x0
1786477439,2886,0,67.2,0x0
1786477440,2887,0,67.2,0x0
1786477441,2887,0,69.1,0x0
1786477442,2881,0,67.6,0x0
1786477443,2881,0,67.6,0x0
1786477444,2879,0,67.6,0x0
1786477445,2879,0,67.6,0x0
1786477446,2882,0,68.1,0x0
1786477447,2882,0,68.1,0x0
1786477448,2885,0,68.1,0x0
1786477449,2884,0,68.1,0x0
1786477450,2885,0,68.1,0x0
1786477451,2884,0,68.1,0x0
1786477453,2883,0,68.6,0x0
1786477454,2884,0,67.6,0x0
1786477455,2888,0,69.1,0x0
1786477456,2888,0,68.1,0x0
1786477457,2890,0,68.6,0x0
1786477458,2889,0,67.6,0x0
1786477459,2889,0,67.6,0x0
1786477460,2889,0,67.2,0x0
1786477461,2886,0,68.1,0x0
1786477462,2887,0,68.1,0x0
1786477463,2890,0,67.6,0x0
1786477464,2890,0,68.1,0x0
1786477465,2891,0,68.1,0x0
1786477466,2891,0,67.6,0x0
1786477467,2889,0,68.1,0x0
1786477468,2889,0,67.6,0x0
1786477469,2887,0,68.1,0x0
1786477470,2889,0,68.1,0x0
1786477471,2887,0,67.6,0x0
1786477473,2892,0,68.1,0x0
1786477474,2891,0,67.2,0x0
1786477475,2880,0,66.7,0x0
1786477476,2889,0,68.1,0x0
1786477477,2888,0,67.2,0x0
1786477478,2890,0,67.6,0x0
1786477479,2888,0,67.6,0x0
1786477480,2889,0,67.6,0x0
1786477481,2890,0,68.1,0x0
1786477482,2891,0,68.6,0x0
1786477483,2890,0,68.6,0x0
1786477484,2891,0,68.1,0x0
1786477485,2893,0,68.1,0x0
1786477486,2893,0,68.6,0x0
1786477487,2890,0,69.6,0x0
1786477488,2890,0,67.6,0x0
1786477489,2889,0,68.6,0x0
1786477490,2889,0,68.1,0x0
1786477491,2890,0,67.2,0x0
1786477492,2890,0,69.1,0x0
1786477494,2894,0,67.2,0x0
1786477495,2894,0,68.6,0x0
1786477496,2888,0,69.1,0x0
1786477497,2889,0,68.6,0x0
1786477498,2888,0,69.1,0x0
1786477499,2889,0,69.1,0x0
1786477500,2889,0,67.6,0x0
1786477501,2890,0,68.6,0x0
1786477502,2891,0,68.1,0x0
1786477503,2890,0,68.1,0x0
1786477504,2894,0,68.6,0x0
1786477505,2894,0,68.1,0x0
1786477506,2887,0,68.1,0x0
1786477507,2888,0,68.6,0x0
1786477508,2885,0,68.6,0x0
1786477509,2888,0,69.1,0x0
1786477510,2886,0,69.1,0x0
1786477512,2890,0,68.6,0x0
1786477513,2890,0,68.6,0x0
1786477514,2892,0,68.6,0x0
1786477515,2892,0,68.6,0x0
1786477516,2890,0,68.6,0x0
1786477517,2891,0,68.6,0x0
1786477518,2892,0,68.1,0x0
1786477519,2892,0,68.6,0x0
1786477520,2891,0,68.1,0x0
1786477521,2891,0,68.6,0x0
1786477522,2889,0,69.1,0x0
1786477523,2889,0,68.6,0x0
1786477524,2890,0,69.6,0x0
1786477525,2890,0,68.6,0x0
1786477526,2893,0,70.6,0x0
1786477527,2893,0,69.1,0x0
1786477528,2890,0,68.1,0x0
1786477529,2891,0,69.1,0x0
1786477530,2890,0,69.6,0x0
1786477532,2891,0,68.6,0x0
1786477533,2891,0,69.1,0x0
1786477534,2892,0,68.6,0x0
1786477535,2891,0,68.6,0x0
1786477536,2893,0,68.6,0x0
1786477537,2894,0,68.1,0x0
1786477538,2895,0,69.1,0x0
1786477539,2896,0,69.1,0x0
1786477540,2895,0,68.1,0x0
1786477541,2894,0,68.6,0x0
1786477542,2894,0,67.6,0x0
1786477543,2888,0,68.1,0x0
1786477544,2888,0,68.1,0x0
1786477545,2890,0,69.1,0x0
1786477546,2890,0,68.6,0x0
1786477547,2887,0,69.6,0x0
1786477548,2888,0,68.1,0x0
1786477549,2884,0,68.6,0x0
1786477550,2890,0,69.6,0x0
1786477552,2886,0,69.6,0x0
1786477553,2890,0,69.1,0x0
1786477554,2889,0,68.6,0x0
1786477555,2891,0,70.6,0x0
1786477556,2891,0,69.6,0x0
1786477557,2889,0,70.1,0x0
1786477558,2889,0,69.6,0x0
1786477559,2892,0,69.1,0x0
1786477560,2891,0,68.1,0x0
1786477561,2890,0,69.6,0x0
1786477562,2890,0,69.1,0x0
1786477563,2892,0,69.1,0x0
1786477564,2892,0,69.1,0x0
1786477565,2888,0,69.6,0x0
1786477566,2888,0,68.6,0x0
1786477567,2887,0,69.6,0x0
1786477568,2887,0,68.1,0x0
1786477569,2890,0,69.6,0x0
1786477570,2890,0,68.6,0x0
1786477572,2889,0,68.6,0x0
1786477573,2890,0,69.6,0x0
1786477574,2889,0,69.1,0x0
1786477575,2891,0,68.6,0x0
1786477576,2891,0,69.6,0x0
1786477577,2891,0,69.1,0x0
1786477578,2890,0,69.6,0x0
1786477579,2891,0,69.1,0x0
1786477580,2889,0,69.1,0x0
1786477581,2889,0,69.1,0x0
1786477582,2887,0,69.6,0x0
1786477583,2887,0,69.6,0x0
1786477584,2890,0,69.1,0x0
1786477585,2891,0,68.6,0x0
1786477586,2893,0,70.1,0x0
1786477587,2893,0,68.1,0x0
1786477588,2892,0,70.1,0x0
1786477589,2892,0,69.6,0x0
1786477591,2888,0,70.1,0x0
1786477592,2890,0,68.1,0x0
1786477593,2888,0,69.6,0x0
1786477594,2889,0,68.6,0x0
1786477595,2890,0,68.1,0x0
1786477596,2888,0,68.1,0x0
1786477597,2889,0,69.1,0x0
1786477598,2889,0,69.6,0x0
1786477599,2891,0,68.6,0x0
1786477600,2889,0,68.6,0x0
1786477601,2890,0,69.6,0x0
1786477602,2892,0,69.1,0x0
1786477603,2892,0,68.1,0x0
1786477604,2893,0,70.1,0x0
1786477605,2893,0,68.6,0x0
1786477606,2890,0,69.6,0x0
1786477607,2890,0,70.1,0x0
1786477608,2888,0,69.6,0x0
1786477609,2888,0,68.6,0x0
1786477611,2887,0,68.6,0x0
1786477612,2888,0,69.1,0x0
1786477613,2886,0,70.1,0x0
1786477614,2888,0,68.1,0x0
1786477615,2885,0,69.1,0x0
1786477616,2885,0,67.6,0x0
1786477617,2890,0,69.1,0x0
1786477618,2890,0,69.6,0x0
1786477619,2891,0,69.6,0x0
1786477620,2892,0,70.1,0x0
1786477621,2895,0,68.6,0x0
1786477622,2894,0,70.1,0x0
1786477623,2890,0,68.6,0x0
1786477624,2892,0,68.6,0x0
1786477625,2889,0,69.6,0x0
1786477626,2889,0,68.1,0x0
1786477627,2887,0,70.1,0x0
1786477628,2889,0,70.1,0x0
1786477629,2887,0,70.1,0x0
1786477631,2889,0,68.6,0x0
1786477632,2888,0,70.1,0x0
1786477633,2890,0,70.1,0x0
1786477634,2885,0,69.6,0x0
1786477635,2892,0,70.1,0x0
1786477636,2889,0,68.1,0x0
1786477637,2892,0,69.1,0x0
1786477638,2891,0,69.6,0x0
1786477639,2886,0,70.1,0x0
1786477640,2887,0,70.1,0x0
1786477641,2889,0,70.1,0x0
1786477642,2889,0,70.1,0x0
1786477643,2891,0,68.6,0x0
1786477644,2891,0,70.1,0x0
1786477645,2892,0,69.1,0x0
1786477646,2892,0,68.6,0x0
1786477647,2893,0,70.6,0x0
1786477648,2893,0,70.1,0x0
1786477649,2888,0,69.1,0x0
1786477651,2887,0,70.6,0x0
1786477652,2891,0,69.6,0x0
1786477653,2891,0,69.1,0x0
1786477654,2888,0,70.6,0x0
1786477655,2889,0,70.6,0x0
1786477656,2892,0,70.1,0x0
1786477657,2892,0,69.6,0x0
1786477658,2889,0,70.1,0x0
1786477659,2889,0,69.1,0x0
1786477660,2886,0,70.1,0x0
1786477661,2886,0,70.1,0x0
1786477662,2886,0,69.1,0x0
1786477663,2887,0,70.6,0x0
1786477664,2891,0,69.1,0x0
1786477665,2890,0,70.1,0x0
1786477666,2888,0,69.1,0x0
1786477667,2888,0,70.1,0x0
1786477668,2891,0,69.1,0x0
1786477670,2891,0,70.1,0x0
1786477671,2889,0,69.6,0x0
1786477672,2889,0,70.1,0x0
1786477673,2887,0,71.1,0x0
1786477674,2888,0,70.1,0x0
1786477675,2886,0,69.6,0x0
1786477676,2892,0,70.6,0x0
1786477677,2890,0,69.1,0x0
1786477678,2885,0,70.1,0x0
1786477679,2885,0,70.1,0x0
1786477680,2885,0,69.6,0x0
1786477681,2886,0,70.1,0x0
1786477682,2886,0,70.1,0x0
1786477683,2889,0,70.6,0x0
1786477684,2891,0,71.1,0x0
1786477685,2891,0,70.1,0x0
1786477686,2892,0,69.6,0x0
1786477687,2896,0,71.1,0x0
1786477688,2896,0,69.6,0x0
1786477690,2897,0,69.6,0x0
1786477691,2892,0,70.1,0x0
1786477692,2893,0,69.6,0x0
1786477693,2891,0,69.6,0x0
1786477694,2891,0,69.6,0x0
1786477695,2891,0,69.6,0x0
1786477696,2891,0,68.6,0x0
1786477697,2891,0,69.6,0x0
1786477698,2891,0,69.6,0x0
1786477699,2893,0,71.1,0x0
1786477700,2893,0,70.6,0x0
1786477701,2895,0,69.1,0x0
1786477702,2895,0,70.1,0x0
1786477703,2893,0,70.6,0x0
1786477704,2894,0,70.1,0x0
1786477705,2896,0,70.1,0x0
1786477706,2895,0,70.6,0x0
1786477708,2894,0,70.1,0x0
1786477709,2895,0,69.6,0x0
1786477710,2892,0,69.6,0x0
1786477711,2892,0,70.6,0x0
1786477712,2895,0,70.1,0x0
1786477713,2895,0,71.1,0x0
1786477714,2889,0,68.6,0x0
1786477715,2889,0,70.6,0x0
1786477716,2889,0,69.6,0x0
1786477717,2895,0,69.6,0x0
1786477718,2894,0,69.1,0x0
1786477719,2901,0,70.1,0x0
1786477720,2900,0,70.6,0x0
1786477721,2901,0,69.6,0x0
1786477722,2902,0,70.6,0x0
1786477723,2901,0,70.1,0x0
1786477724,2902,0,70.1,0x0
1786477725,2900,0,70.1,0x0
1786477727,2901,0,69.6,0x0
1786477728,2905,0,70.1,0x0
1786477729,2903,0,71.1,0x0
1786477730,2901,0,69.6,0x0
1786477731,2901,0,69.6,0x0
1786477732,2902,0,71.1,0x0
1786477733,2904,0,69.6,0x0
1786477734,2904,0,71.5,0x0
1786477735,2904,0,69.6,0x0
1786477736,2902,0,69.6,0x0
1786477737,2902,0,70.1,0x0
1786477738,2903,0,69.6,0x0
1786477739,2903,0,70.6,0x0
1786477740,2902,0,70.1,0x0
1786477741,2902,0,69.6,0x0
1786477742,2903,0,70.6,0x0
1786477743,2902,0,70.6,0x0
1786477744,2901,0,70.1,0x0
1786477746,2902,0,69.1,0x0
1786477747,2902,0,70.1,0x0
1786477748,2902,0,70.6,0x0
1786477749,2904,0,69.6,0x0
1786477750,2903,0,70.6,0x0
1786477751,2903,0,71.1,0x0
1786477752,2902,0,70.1,0x0
1786477753,2898,0,70.1,0x0
1786477754,2899,0,70.6,0x0
1786477755,2898,0,70.6,0x0
1786477756,2900,0,68.6,0x0
1786477757,2901,0,70.6,0x0
1786477758,2900,0,69.6,0x0
1786477759,2900,0,69.6,0x0
1786477760,2902,0,71.5,0x0
1786477761,2902,0,69.6,0x0
1786477762,2903,0,70.6,0x0
1786477763,2902,0,68.6,0x0
1786477764,2901,0,69.6,0x0
1786477766,2901,0,70.1,0x0
1786477767,2904,0,71.1,0x0
1786477768,2905,0,69.6,0x0
1786477769,2904,0,69.6,0x0
1786477770,2905,0,70.6,0x0
1786477771,2900,0,69.6,0x0
1786477772,2901,0,70.6,0x0
1786477773,2899,0,69.6,0x0
1786477774,2900,0,69.6,0x0
1786477775,2903,0,69.6,0x0
1786477776,2903,0,71.1,0x0
1786477777,2901,0,70.1,0x0
1786477778,2901,0,69.6,0x0
1786477779,2901,0,70.1,0x0
1786477780,2901,0,70.6,0x0
1786477781,2903,0,69.1,0x0
1786477782,2903,0,70.1,0x0
1786477783,2899,0,69.6,0x0
1786477784,2902,0,71.1,0x0
1786477785,2901,0,70.1,0x0
1786477787,2904,0,69.6,0x0
1786477788,2904,0,70.1,0x0
1786477789,2901,0,69.6,0x0
1786477790,2901,0,70.6,0x0
1786477791,2901,0,70.6,0x0
1786477792,2902,0,70.1,0x0
1786477793,2902,0,69.6,0x0
1786477794,2902,0,70.6,0x0
1786477795,2900,0,70.1,0x0
1786477796,2900,0,70.6,0x0
1786477797,2904,0,69.1,0x0
1786477798,2904,0,70.1,0x0
1786477799,2903,0,71.1,0x0
1786477800,2903,0,70.1,0x0
1786477801,2903,0,69.6,0x0
1786477802,2903,0,69.1,0x0
1786477803,2900,0,69.6,0x0
1786477804,2901,0,70.1,0x0
1786477806,2900,0,70.1,0x0
1786477807,2900,0,71.1,0x0
1786477808,2899,0,70.6,0x0
1786477809,2900,0,69.6,0x0
1786477810,2900,0,70.1,0x0
1786477811,2901,0,70.6,0x0
1786477812,2903,0,70.1,0x0
1786477813,2902,0,70.1,0x0
1786477814,2899,0,71.1,0x0
1786477815,2899,0,69.6,0x0
1786477816,2901,0,69.6,0x0
1786477817,2900,0,71.1,0x0
1786477818,2901,0,70.6,0x0
1786477819,2900,0,70.1,0x0
1786477820,2899,0,71.1,0x0
1786477821,2900,0,70.6,0x0
1786477822,2896,0,69.1,0x0
1786477823,2897,0,70.6,0x0
1786477825,2897,0,70.6,0x0
1786477826,2900,0,70.6,0x0
1786477827,2903,0,70.1,0x0
1786477828,2903,0,70.6,0x0
1786477829,2903,0,70.1,0x0
1786477830,2903,0,70.1,0x0
1786477831,2903,0,70.1,0x0
1786477832,2901,0,70.6,0x0
1786477833,2901,0,70.1,0x0
1786477834,2902,0,70.6,0x0
1786477835,2903,0,70.1,0x0
1786477836,2903,0,69.6,0x0
1786477837,2902,0,69.6,0x0
1786477838,2903,0,70.1,0x0
1786477839,2903,0,70.1,0x0
1786477840,2900,0,70.1,0x0
1786477841,2901,0,70.1,0x0
1786477842,2901,0,70.6,0x0
1786477844,2902,0,71.1,0x0
1786477845,2902,0,70.6,0x0
1786477846,2902,0,70.6,0x0
1786477847,2897,0,71.1,0x0
1786477848,2897,0,70.6,0x0
1786477849,2902,0,70.1,0x0
1786477850,2901,0,70.6,0x0
1786477851,2900,0,71.1,0x0
1786477852,2900,0,70.1,0x0
1786477853,2901,0,70.6,0x0
1786477854,2901,0,69.6,0x0
1786477855,2899,0,69.6,0x0
1786477856,2899,0,69.6,0x0
1786477857,2897,0,71.1,0x0
1786477858,2897,0,70.1,0x0
1786477859,2900,0,70.1,0x0
1786477860,2900,0,70.1,0x0
1786477861,2897,0,69.1,0x0
1786477862,2901,0,69.6,0x0
1786477863,2902,0,70.1,0x0
1786477865,2899,0,70.6,0x0
1786477866,2899,0,70.6,0x0
1786477867,2900,0,70.1,0x0
1786477868,2900,0,71.1,0x0
1786477869,2900,0,70.6,0x0
1786477870,2900,0,70.6,0x0
1786477871,2903,0,70.1,0x0
1786477872,2904,0,70.6,0x0
1786477873,2899,0,71.1,0x0
1786477874,2899,0,70.6,0x0
1786477875,2897,0,70.6,0x0
1786477876,2898,0,70.6,0x0
1786477877,2901,0,70.1,0x0
1786477878,2902,0,71.1,0x0
1786477879,2898,0,70.1,0x0
1786477880,2899,0,71.5,0x0
1786477881,2901,0,68.6,0x0
1786477882,2901,0,71.5,0x0
1786477883,2898,0,69.6,0x0
1786477885,2902,0,71.1,0x0
1786477886,2900,0,71.1,0x0
1786477887,2900,0,70.6,0x0
1786477888,2897,0,71.5,0x0
1786477889,2899,0,71.1,0x0
1786477890,2900,0,70.1,0x0
1786477891,2901,0,70.1,0x0
1786477892,2902,0,70.1,0x0
1786477893,2901,0,71.1,0x0
1786477894,2897,0,70.6,0x0
1786477895,2890,0,70.1,0x0
1786477896,2892,0,71.5,0x0
1786477897,2894,0,70.6,0x0
1786477898,2895,0,70.1,0x0
1786477899,2898,0,69.6,0x0
1786477900,2899,0,70.1,0x0
1786477901,2901,0,71.1,0x0
1786477902,2901,0,70.6,0x0
1786477903,2902,0,71.1,0x0
1786477905,2902,0,70.6,0x0
1786477906,2904,0,70.1,0x0
1786477907,2903,0,70.6,0x0
1786477908,2900,0,70.6,0x0
1786477909,2901,0,70.6,0x0
1786477910,2902,0,70.1,0x0
1786477911,2902,0,70.1,0x0
1786477912,2904,0,69.6,0x0
1786477913,2904,0,70.6,0x0
1786477914,2905,0,70.1,0x0
1786477915,2903,0,70.6,0x0
1786477916,2903,0,70.6,0x0
1786477917,2903,0,70.1,0x0
1786477918,2903,0,70.1,0x0
1786477919,2903,0,71.1,0x0
1786477920,2902,0,70.6,0x0
1786477921,2902,0,71.1,0x0
1786477922,2902,0,69.6,0x0
1786477923,2902,0,70.1,0x0
1786477924,2899,0,70.6,0x0
1786477926,2900,0,68.6,0x0
1786477927,2900,0,70.1,0x0
1786477928,2900,0,71.1,0x0
1786477929,2904,0,70.1,0x0
1786477930,2904,0,70.1,0x0
1786477931,2901,0,69.6,0x0
1786477932,2902,0,70.6,0x0
1786477933,2904,0,70.6,0x0
1786477934,2903,0,70.6,0x0
1786477935,2904,0,70.1,0x0
1786477936,2905,0,69.6,0x0
1786477937,2904,0,69.6,0x0
1786477938,2903,0,70.1,0x0
1786477939,2898,0,70.6,0x0
1786477940,2904,0,70.6,0x0
1786477941,2904,0,70.6,0x0
1786477942,2901,0,70.6,0x0
1786477943,2901,0,71.1,0x0
1786477945,2900,0,70.1,0x0
1786477946,2901,0,72.0,0x0
1786477947,2900,0,70.6,0x0
1786477948,2901,0,71.1,0x0
1786477949,2903,0,69.1,0x0
1786477950,2903,0,71.1,0x0
1786477951,2904,0,71.1,0x0
1786477952,2903,0,70.6,0x0
1786477953,2901,0,70.1,0x0
1786477954,2901,0,70.6,0x0
1786477955,2902,0,70.1,0x0
1786477956,2902,0,70.1,0x0
1786477957,2903,0,71.1,0x0
1786477958,2902,0,70.1,0x0
1786477959,2902,0,71.1,0x0
1786477960,2903,0,70.1,0x0
1786477961,2902,0,70.1,0x0
1786477962,2902,0,71.1,0x0
1786477963,2900,0,69.6,0x0
1786477964,2900,0,71.1,0x0
1786477966,2902,0,71.1,0x0
1786477967,2902,0,71.5,0x0
1786477968,2902,0,72.0,0x0
1786477969,2902,0,70.1,0x0
1786477970,2896,0,72.0,0x0
1786477971,2898,0,70.1,0x0
1786477972,2897,0,70.6,0x0
1786477973,2899,0,70.6,0x0
1786477974,2898,0,71.5,0x0
1786477975,2899,0,70.6,0x0
1786477976,2902,0,70.6,0x0
1786477977,2903,0,70.1,0x0
1786477978,2903,0,71.5,0x0
1786477979,2903,0,69.6,0x0
1786477980,2903,0,70.6,0x0
1786477981,2903,0,70.6,0x0
1786477982,2902,0,71.1,0x0
1786477983,2902,0,70.1,0x0
1786477985,2903,0,70.1,0x0
1786477986,2900,0,71.1,0x0
1786477987,2903,0,71.1,0x0
1786477988,2902,0,70.6,0x0
1786477989,2902,0,70.6,0x0
1786477990,2899,0,70.6,0x0
1786477991,2899,0,69.6,0x0
1786477992,2903,0,70.1,0x0
1786477993,2903,0,70.1,0x0
1786477994,2903,0,70.6,0x0
1786477995,2902,0,70.1,0x0
1786477996,2903,0,71.1,0x0
1786477997,2903,0,69.1,0x0
1786477998,2901,0,70.6,0x0
1786477999,2901,0,70.6,0x0
1786478000,2903,0,71.1,0x0
1786478001,2903,0,70.1,0x0
1786478002,2902,0,71.5,0x0
1786478003,2902,0,70.6,0x0
1786478005,2901,0,70.6,0x0
1786478006,2901,0,70.6,0x0
1786478007,2901,0,70.1,0x0
1786478008,2902,0,71.1,0x0
1786478009,2901,0,70.1,0x0
1786478010,2902,0,70.1,0x0
1786478011,2902,0,69.6,0x0
1786478012,2903,0,71.5,0x0
1786478013,2898,0,70.6,0x0
1786478014,2901,0,71.5,0x0
1786478015,2902,0,71.1,0x0
1786478016,2904,0,69.6,0x0
1786478017,2904,0,70.6,0x0
1786478018,2903,0,70.1,0x0
1786478019,2903,0,70.6,0x0
1786478020,2900,0,71.1,0x0
1786478021,2899,0,70.6,0x0
1786478022,2899,0,70.6,0x0
1786478023,2899,0,70.6,0x0
1786478025,2902,0,71.5,0x0
1786478026,2902,0,70.6,0x0
1786478027,2901,0,70.1,0x0
1786478028,2902,0,70.1,0x0
1786478029,2900,0,69.6,0x0
1786478030,2903,0,69.6,0x0
1786478031,2901,0,70.6,0x0
1786478032,2903,0,70.6,0x0
1786478033,2899,0,70.6,0x0
1786478034,2899,0,70.1,0x0
1786478035,2900,0,69.6,0x0
1786478036,2900,0,70.6,0x0
1786478037,2897,0,71.1,0x0
1786478038,2897,0,70.6,0x0
1786478039,2897,0,70.1,0x0
1786478040,2897,0,70.6,0x0
1786478041,2900,0,70.6,0x0
1786478042,2900,0,70.6,0x0
1786478044,2897,0,70.6,0x0
1786478045,2897,0,71.5,0x0
1786478046,2898,0,70.1,0x0
1786478047,2899,0,70.1,0x0
1786478048,2902,0,70.1,0x0
1786478049,2902,0,71.1,0x0
1786478050,2903,0,70.1,0x0
1786478051,2903,0,70.1,0x0
1786478052,2900,0,69.1,0x0
1786478053,2900,0,70.1,0x0
1786478054,2896,0,69.6,0x0
1786478055,2900,0,71.1,0x0
1786478056,2900,0,70.6,0x0
1786478057,2900,0,71.1,0x0
1786478058,2897,0,70.1,0x0
1786478059,2901,0,70.6,0x0
1786478060,2895,0,71.1,0x0
1786478062,2897,0,71.5,0x0
1786478063,2898,0,71.1,0x0
1786478064,2901,0,70.6,0x0
1786478065,2901,0,70.6,0x0
1786478066,2903,0,70.1,0x0
1786478067,2903,0,70.1,0x0
1786478068,2899,0,70.6,0x0
1786478069,2901,0,70.6,0x0
1786478070,2902,0,71.1,0x0
1786478071,2902,0,70.1,0x0
1786478072,2900,0,71.1,0x0
1786478073,2901,0,71.1,0x0
1786478074,2900,0,70.1,0x0
1786478075,2899,0,71.1,0x0
1786478076,2903,0,71.1,0x0
1786478077,2903,0,71.1,0x0
1786478078,2904,0,70.6,0x0
1786478079,2905,0,71.1,0x0
1786478080,2900,0,71.1,0x0
1786478082,2904,0,70.1,0x0
1786478083,2903,0,71.5,0x0
1786478084,2904,0,71.1,0x0
1786478085,2900,0,70.6,0x0
1786478086,2900,0,70.6,0x0
1786478087,2903,0,71.1,0x0
1786478088,2903,0,71.1,0x0
1786478089,2901,0,70.1,0x0
1786478090,2902,0,71.1,0x0
1786478091,2900,0,71.1,0x0
1786478092,2901,0,70.6,0x0
1786478093,2901,0,70.6,0x0
1786478094,2902,0,70.1,0x0
1786478095,2895,0,71.1,0x0
1786478096,2897,0,70.6,0x0
1786478097,2897,0,70.6,0x0
1786478098,2897,0,70.6,0x0
1786478099,2901,0,70.6,0x0
1786478101,2901,0,69.6,0x0
1786478102,2901,0,71.1,0x0
1786478103,2899,0,70.1,0x0
1786478104,2899,0,70.1,0x0
1786478105,2903,0,70.1,0x0
1786478106,2903,0,71.1,0x0
1786478107,2899,0,72.0,0x0
1786478108,2901,0,69.6,0x0
1786478109,2895,0,72.0,0x0
1786478110,2895,0,69.6,0x0
1786478111,2899,0,70.6,0x0
1786478112,2899,0,71.1,0x0
1786478113,2902,0,69.6,0x0
1786478114,2902,0,71.1,0x0
1786478115,2899,0,69.6,0x0
1786478116,2899,0,70.1,0x0
1786478117,2902,0,71.5,0x0
1786478118,2903,0,70.6,0x0
1786478119,2902,0,71.5,0x0
1786478121,2902,0,71.5,0x0
1786478122,2898,0,70.1,0x0
1786478123,2901,0,70.6,0x0
1786478124,2897,0,71.1,0x0
1786478125,2899,0,71.1,0x0
1786478126,2901,0,71.5,0x0
1786478127,2901,0,70.6,0x0
1786478128,2900,0,70.1,0x0
1786478129,2902,0,70.6,0x0
1786478130,2901,0,70.1,0x0
1786478131,2901,0,70.6,0x0
1786478132,2895,0,71.5,0x0
1786478133,2901,0,70.6,0x0
1786478134,2896,0,70.6,0x0
1786478135,2902,0,70.6,0x0
1786478136,2901,0,69.6,0x0
1786478137,2901,0,70.6,0x0
1786478138,2901,0,70.6,0x0
1786478140,2897,0,71.1,0x0
1786478141,2898,0,69.6,0x0
1786478142,2895,0,70.1,0x0
1786478143,2897,0,71.1,0x0
1786478144,2898,0,69.6,0x0
1786478145,2901,0,71.1,0x0
1786478146,2899,0,70.6,0x0
1786478147,2899,0,70.6,0x0
1786478148,2897,0,71.1,0x0
1786478149,2898,0,71.5,0x0
1786478150,2899,0,71.1,0x0
1786478151,2900,0,71.1,0x0
1786478152,2902,0,71.1,0x0
1786478153,2902,0,70.6,0x0
1786478154,2895,0,71.1,0x0
1786478155,2894,0,69.6,0x0
1786478156,2894,0,70.1,0x0
1786478157,2894,0,70.6,0x0
1786478158,2897,0,70.6,0x0
1786478160,2899,0,69.6,0x0
1786478161,2896,0,70.1,0x0
1786478162,2897,0,69.6,0x0
1786478163,2896,0,71.1,0x0
1786478164,2898,0,70.1,0x0
1786478165,2897,0,70.6,0x0
1786478166,2897,0,72.5,0x0
1786478167,2899,0,71.1,0x0
1786478168,2900,0,70.6,0x0
1786478169,2896,0,71.1,0x0
1786478170,2896,0,70.1,0x0
1786478171,2893,0,70.1,0x0
1786478172,2900,0,71.5,0x0
1786478173,2900,0,70.1,0x0
1786478174,2899,0,71.1,0x0
1786478175,2900,0,71.1,0x0
1786478176,2897,0,70.1,0x0
1786478177,2898,0,72.0,0x0
1786478179,2896,0,71.5,0x0
1786478180,2896,0,71.1,0x0
1786478181,2898,0,70.6,0x0
1786478182,2899,0,71.1,0x0
1786478183,2900,0,70.1,0x0
1786478184,2900,0,70.1,0x0
1786478185,2902,0,71.1,0x0
1786478186,2903,0,71.1,0x0
1786478187,2896,0,70.6,0x0
1786478188,2896,0,70.1,0x0
1786478189,2897,0,70.6,0x0
1786478190,2897,0,70.1,0x0
1786478191,2898,0,70.1,0x0
1786478192,2898,0,71.1,0x0
1786478193,2898,0,70.6,0x0
1786478194,2899,0,71.1,0x0
1786478195,2897,0,71.5,0x0
1786478196,2898,0,71.1,0x0
1786478197,2899,0,71.1,0x0
1786478199,2899,0,70.1,0x0
1786478200,2899,0,70.1,0x0
1786478201,2901,0,70.6,0x0
1786478202,2899,0,71.5,0x0
1786478203,2900,0,70.6,0x0
1786478204,2901,0,70.1,0x0
1786478205,2901,0,70.6,0x0
1786478206,2897,0,70.6,0x0
1786478207,2896,0,71.1,0x0
1786478208,2895,0,70.6,0x0
1786478209,2897,0,71.1,0x0
1786478210,2894,0,70.6,0x0
1786478211,2894,0,70.6,0x0
1786478212,2894,0,70.6,0x0
1786478213,2898,0,70.6,0x0
1786478214,2896,0,70.6,0x0
1786478215,2897,0,70.1,0x0
1786478216,2899,0,69.6,0x0
1786478218,2897,0,70.1,0x0
1786478219,2897,0,71.1,0x0
1786478220,2897,0,70.6,0x0
1786478221,2897,0,71.1,0x0
1786478222,2898,0,72.0,0x0
1786478223,2898,0,70.6,0x0
1786478224,2901,0,70.6,0x0
1786478225,2901,0,71.1,0x0
1786478226,2896,0,69.6,0x0
1786478227,2896,0,70.6,0x0
1786478228,2893,0,71.1,0x0
1786478229,2894,0,71.1,0x0
1786478230,2899,0,70.6,0x0
1786478231,2899,0,71.5,0x0
1786478232,2896,0,70.1,0x0
1786478233,2895,0,71.1,0x0
1786478234,2894,0,71.5,0x0
1786478236,2895,0,70.6,0x0
1786478237,2899,0,70.6,0x0
1786478238,2900,0,69.6,0x0
1786478239,2900,0,70.6,0x0
1786478240,2901,0,70.6,0x0
1786478241,2901,0,71.1,0x0
1786478242,2901,0,70.1,0x0
1786478243,2898,0,70.1,0x0
1786478244,2898,0,70.1,0x0
1786478245,2897,0,70.6,0x0
1786478246,2896,0,70.6,0x0
1786478247,2897,0,70.1,0x0
1786478248,2899,0,70.1,0x0
1786478249,2902,0,70.6,0x0
1786478250,2902,0,70.6,0x0
1786478251,2899,0,70.1,0x0
1786478252,2898,0,70.1,0x0
1786478253,2894,0,70.6,0x0
1786478255,2902,0,69.6,0x0
1786478256,2899,0,71.1,0x0
1786478257,2900,0,70.6,0x0
1786478258,2900,0,70.1,0x0
1786478259,2897,0,70.6,0x0
1786478260,2898,0,70.6,0x0
1786478261,2902,0,70.6,0x0
1786478262,2901,0,71.5,0x0
1786478263,2900,0,70.6,0x0
1786478264,2900,0,71.1,0x0
1786478265,2896,0,70.1,0x0
1786478266,2896,0,69.1,0x0
1786478267,2898,0,70.1,0x0
1786478268,2898,0,69.6,0x0
1786478269,2896,0,70.6,0x0
1786478270,2895,0,70.6,0x0
1786478271,2895,0,70.1,0x0
1786478272,2895,0,71.1,0x0
1786478273,2900,0,71.1,0x0
1786478275,2901,0,71.1,0x0
1786478276,2902,0,70.1,0x0
1786478277,2902,0,70.1,0x0
1786478278,2903,0,70.1,0x0
1786478279,2902,0,70.6,0x0
1786478280,2896,0,71.5,0x0
1786478281,2898,0,71.1,0x0
1786478282,2901,0,71.1,0x0
1786478283,2901,0,71.1,0x0
1786478284,2902,0,70.6,0x0
1786478285,2902,0,70.6,0x0
1786478286,2897,0,70.6,0x0
1786478287,2897,0,70.1,0x0
1786478288,2895,0,70.6,0x0
1786478289,2894,0,71.1,0x0
1786478290,2897,0,70.6,0x0
1786478291,2898,0,70.6,0x0
1786478292,2895,0,71.1,0x0
1786478294,2903,0,71.5,0x0
1786478295,2901,0,70.6,0x0
1786478296,2898,0,71.1,0x0
1786478297,2897,0,71.1,0x0
1786478298,2899,0,72.0,0x0
1786478299,2903,0,71.1,0x0
1786478300,2902,0,70.6,0x0
1786478301,2901,0,71.1,0x0
1786478302,2901,0,70.1,0x0
1786478303,2900,0,69.6,0x0
1786478304,2901,0,70.1,0x0
1786478305,2901,0,70.6,0x0
1786478306,2903,0,70.6,0x0
1786478307,2905,0,70.6,0x0
1786478308,2897,0,70.1,0x0
1786478309,2897,0,70.6,0x0
1786478310,2897,0,71.1,0x0
1786478311,2900,0,69.1,0x0
1786478313,2901,0,70.1,0x0
1786478314,2902,0,69.6,0x0
1786478315,2901,0,71.1,0x0
1786478316,2901,0,70.6,0x0
1786478317,2899,0,70.6,0x0
1786478318,2900,0,71.5,0x0
1786478319,2902,0,70.1,0x0
1786478320,2903,0,71.1,0x0
1786478321,2903,0,70.6,0x0
1786478322,2903,0,71.1,0x0
1786478323,2895,0,70.1,0x0
1786478324,2898,0,70.6,0x0
1786478325,2894,0,71.1,0x0
1786478326,2898,0,71.1,0x0
1786478327,2900,0,70.6,0x0
1786478328,2901,0,70.1,0x0
1786478329,2902,0,71.1,0x0
1786478330,2901,0,70.1,0x0
1786478331,2900,0,71.1,0x0
1786478332,2905,0,69.6,0x0
1786478333,2903,0,70.1,0x0
1786478334,2898,0,70.6,0x0
1786478335,2901,0,71.1,0x0
1786478337,2902,0,71.1,0x0
1786478338,2901,0,69.6,0x0
1786478339,2897,0,71.1,0x0
1786478340,2896,0,70.6,0x0
1786478341,2898,0,69.6,0x0
1786478342,2898,0,70.1,0x0
1786478343,2899,0,71.1,0x0
1786478344,2899,0,71.1,0x0
1786478345,2903,0,70.1,0x0
1786478346,2902,0,71.1,0x0
1786478347,2897,0,69.6,0x0
1786478348,2896,0,72.5,0x0
1786478349,2897,0,71.1,0x0
1786478350,2898,0,70.1,0x0
1786478351,2899,0,70.6,0x0
1786478352,2899,0,71.1,0x0
1786478353,2897,0,71.1,0x0
1786478354,2898,0,70.1,0x0
1786478356,2894,0,69.6,0x0
1786478357,2896,0,70.1,0x0
1786478358,2897,0,69.6,0x0
1786478359,2897,0,71.1,0x0
1786478360,2894,0,71.1,0x0
1786478361,2894,0,70.1,0x0
1786478362,2894,0,70.6,0x0
1786478363,2897,0,71.1,0x0
1786478364,2897,0,70.1,0x0
1786478365,2899,0,71.1,0x0
1786478366,2900,0,71.1,0x0
1786478367,2901,0,70.6,0x0
1786478368,2901,0,70.6,0x0
1786478369,2899,0,70.1,0x0
1786478370,2899,0,71.5,0x0
1786478371,2895,0,70.6,0x0
1786478372,2895,0,71.1,0x0
1786478374,2896,0,71.1,0x0
1786478375,2896,0,70.6,0x0
1786478376,2892,0,70.6,0x0
1786478377,2892,0,70.1,0x0
1786478378,2893,0,70.6,0x0
1786478379,2894,0,70.1,0x0
1786478380,2897,0,70.6,0x0
1786478381,2901,0,70.1,0x0
1786478382,2896,0,70.1,0x0
1786478383,2897,0,70.1,0x0
1786478384,2897,0,70.1,0x0
1786478385,2897,0,70.6,0x0
1786478386,2895,0,71.1,0x0
1786478387,2895,0,71.5,0x0
1786478388,2897,0,72.0,0x0
1786478389,2899,0,70.6,0x0
1786478390,2897,0,71.5,0x0
1786478391,2897,0,70.6,0x0
1786478392,2894,0,71.1,0x0
1786478393,2894,0,69.6,0x0
1786478395,2891,0,69.6,0x0
1786478396,2892,0,70.6,0x0
1786478397,2891,0,69.1,0x0
1786478398,2892,0,70.1,0x0
1786478399,2891,0,69.1,0x0
1786478400,2891,0,71.5,0x0
1786478401,2889,0,70.1,0x0
1786478402,2893,0,70.1,0x0
1786478403,2893,0,71.1,0x0
1786478404,2897,0,71.1,0x0
1786478405,2896,0,71.1,0x0
1786478406,2898,0,70.6,0x0
1786478407,2898,0,71.5,0x0
1786478408,2900,0,71.1,0x0
1786478409,2899,0,71.1,0x0
1786478410,2897,0,70.1,0x0
1786478411,2897,0,71.5,0x0
1786478413,2897,0,70.6,0x0
1786478414,2897,0,70.6,0x0
1786478415,2895,0,70.6,0x0
1786478416,2896,0,72.0,0x0
1786478417,2894,0,70.6,0x0
1786478418,2895,0,70.1,0x0
1786478419,2894,0,70.1,0x0
1786478420,2894,0,70.1,0x0
1786478421,2899,0,72.0,0x0
1786478422,2899,0,70.1,0x0
1786478423,2893,0,70.6,0x0
1786478424,2893,0,71.5,0x0
1786478425,2892,0,71.5,0x0
1786478426,2892,0,70.1,0x0
1786478427,2894,0,69.6,0x0
1786478428,2894,0,69.6,0x0
1786478429,2893,0,70.6,0x0
1786478430,2894,0,70.1,0x0
1786478431,2894,0,70.1,0x0
1786478433,2895,0,70.6,0x0
1786478434,2898,0,70.1,0x0
1786478435,2899,0,71.1,0x0
1786478436,2879,0,70.6,0x0
1786478437,2888,0,71.5,0x0
1786478438,2886,0,70.6,0x0
1786478439,2886,0,70.6,0x0
1786478440,2887,0,71.1,0x0
1786478441,2895,0,70.1,0x0
1786478442,2895,0,70.6,0x0
1786478443,2893,0,70.1,0x0
1786478444,2894,0,70.6,0x0
1786478445,2898,0,69.6,0x0
1786478446,2898,0,70.6,0x0
1786478447,2895,0,71.5,0x0
1786478448,2896,0,70.6,0x0
1786478449,2899,0,70.1,0x0
1786478450,2898,0,70.1,0x0
1786478451,2900,0,70.1,0x0
1786478453,2900,0,69.1,0x0
1786478454,2900,0,70.1,0x0
1786478455,2898,0,70.1,0x0
1786478456,2899,0,70.1,0x0
1786478457,2899,0,71.1,0x0
1786478458,2897,0,71.1,0x0
1786478459,2897,0,70.6,0x0
1786478460,2894,0,71.1,0x0
1786478461,2894,0,70.1,0x0
1786478462,2897,0,71.1,0x0
1786478463,2897,0,71.1,0x0
1786478464,2898,0,70.1,0x0
1786478465,2898,0,70.1,0x0
1786478466,2893,0,70.6,0x0
1786478467,2892,0,70.6,0x0
1786478468,2896,0,70.6,0x0
1786478469,2896,0,70.1,0x0
1786478471,2900,0,70.1,0x0
1786478472,2900,0,71.1,0x0
1786478473,2899,0,70.6,0x0
1786478474,2898,0,71.1,0x0
1786478475,2897,0,70.6,0x0
1786478476,2897,0,71.1,0x0
1786478477,2894,0,70.1,0x0
1786478478,2893,0,70.1,0x0
1786478479,2893,0,70.6,0x0
1786478480,2897,0,70.1,0x0
1786478481,2897,0,72.5,0x0
1786478482,2894,0,70.1,0x0
1786478483,2894,0,71.1,0x0
1786478484,2897,0,70.6,0x0
1786478485,2897,0,72.0,0x0
1786478486,2893,0,70.6,0x0
1786478487,2894,0,71.1,0x0
1786478488,2896,0,69.6,0x0
1786478490,2897,0,71.1,0x0
1786478491,2891,0,69.1,0x0
1786478492,2891,0,71.1,0x0
1786478493,2891,0,70.6,0x0
1786478494,2892,0,70.1,0x0
1786478495,2893,0,70.6,0x0
1786478496,2894,0,71.5,0x0
1786478497,2894,0,71.1,0x0
1786478498,2893,0,71.1,0x0
1786478499,2894,0,70.6,0x0
1786478500,2895,0,70.6,0x0
1786478501,2897,0,71.1,0x0
1786478502,2897,0,71.1,0x0
1786478503,2896,0,70.6,0x0
1786478504,2896,0,70.1,0x0
1786478505,2896,0,71.5,0x0
1786478506,2896,0,69.6,0x0
1786478507,2896,0,71.5,0x0
1786478508,2896,0,71.1,0x0
1786478510,2896,0,71.1,0x0
1786478511,2896,0,71.1,0x0
1786478512,2894,0,70.1,0x0
1786478513,2895,0,71.1,0x0
1786478514,2896,0,70.1,0x0
1786478515,2896,0,71.1,0x0
1786478516,2898,0,71.1,0x0
1786478517,2898,0,70.6,0x0
1786478518,2894,0,71.1,0x0
1786478519,2898,0,71.1,0x0
1786478520,2897,0,71.1,0x0
1786478521,2898,0,71.1,0x0
1786478522,2899,0,71.1,0x0
1786478523,2894,0,70.6,0x0
1786478524,2895,0,69.6,0x0
1786478525,2897,0,71.1,0x0
1786478527,2897,0,71.1,0x0
1786478528,2892,0,71.1,0x0
1786478529,2892,0,70.6,0x0
1786478530,2893,0,70.6,0x0
1786478531,2894,0,71.5,0x0
1786478532,2893,0,70.6,0x0
1786478533,2893,0,71.5,0x0
1786478534,2898,0,70.6,0x0
1786478535,2898,0,70.1,0x0
1786478536,2898,0,70.6,0x0
1786478537,2898,0,71.5,0x0
1786478538,2897,0,69.6,0x0
1786478539,2898,0,70.6,0x0
1786478540,2897,0,70.1,0x0
1786478541,2896,0,70.6,0x0
1786478542,2894,0,72.0,0x0
1786478543,2895,0,71.1,0x0
1786478545,2896,0,71.1,0x0
1786478546,2896,0,71.1,0x0
1786478547,2901,0,71.1,0x0
1786478548,2900,0,71.5,0x0
1786478549,2901,0,70.6,0x0
1786478550,2900,0,70.6,0x0
1786478551,2896,0,70.6,0x0
1786478552,2896,0,70.6,0x0
1786478553,2899,0,70.6,0x0
1786478554,2899,0,71.5,0x0
1786478555,2898,0,71.1,0x0
1786478556,2897,0,70.6,0x0
1786478557,2896,0,70.6,0x0
1786478558,2895,0,71.1,0x0
1786478559,2898,0,70.6,0x0
1786478560,2898,0,70.6,0x0
1786478561,2899,0,71.5,0x0
1786478562,2899,0,71.1,0x0
1786478564,2902,0,71.1,0x0
1786478565,2901,0,71.1,0x0
1786478566,2899,0,71.1,0x0
1786478567,2899,0,70.6,0x0
1786478568,2896,0,71.5,0x0
1786478569,2895,0,71.1,0x0
1786478570,2895,0,70.1,0x0
1786478571,2895,0,71.1,0x0
1786478572,2893,0,69.6,0x0
1786478573,2898,0,71.1,0x0
1786478574,2894,0,71.1,0x0
1786478575,2898,0,70.1,0x0
1786478576,2898,0,71.5,0x0
1786478577,2897,0,70.6,0x0
1786478578,2897,0,70.6,0x0
1786478579,2896,0,70.6,0x0
1786478581,2896,0,72.0,0x0
1786478582,2897,0,71.5,0x0
1786478583,2896,0,70.6,0x0
1786478584,2894,0,70.6,0x0
1786478585,2894,0,70.1,0x0
1786478586,2897,0,71.5,0x0
1786478587,2897,0,70.1,0x0
1786478588,2892,0,71.1,0x0
1786478589,2892,0,70.1,0x0
1786478590,2888,0,70.6,0x0
1786478591,2889,0,71.1,0x0
1786478592,2893,0,70.6,0x0
1786478593,2893,0,70.1,0x0
1786478594,2898,0,71.1,0x0
1786478595,2898,0,70.6,0x0
1786478596,2897,0,70.6,0x0
1786478597,2897,0,71.1,0x0
1786478598,2897,0,70.1,0x0
1786478600,2898,0,71.1,0x0
1786478601,2898,0,71.1,0x0
1786478602,2898,0,70.6,0x0
1786478603,2898,0,70.6,0x0
1786478604,2898,0,70.6,0x0
1786478605,2895,0,71.1,0x0
1786478606,2896,0,71.1,0x0
1786478607,2897,0,71.1,0x0
1786478608,2898,0,70.6,0x0
1786478609,2900,0,70.6,0x0
1786478610,2898,0,71.1,0x0
1786478611,2900,0,71.5,0x0
1786478612,2899,0,71.1,0x0
1786478613,2898,0,71.1,0x0
1786478614,2899,0,69.6,0x0
1786478615,2898,0,70.1,0x0
1786478616,2898,0,70.6,0x0
1786478617,2895,0,70.1,0x0
1786478618,2899,0,71.5,0x0
1786478620,2898,0,70.6,0x0
1786478621,2899,0,70.6,0x0
1786478622,2899,0,71.1,0x0
1786478623,2901,0,70.1,0x0
1786478624,2901,0,71.1,0x0
1786478625,2901,0,70.6,0x0
1786478626,2900,0,71.5,0x0
1786478627,2899,0,71.1,0x0
1786478628,2898,0,71.5,0x0
1786478629,2897,0,71.1,0x0
1786478630,2897,0,71.1,0x0
1786478631,2897,0,69.6,0x0
1786478632,2897,0,70.6,0x0
1786478633,2896,0,70.6,0x0
1786478634,2896,0,70.6,0x0
1786478635,2893,0,71.1,0x0
1786478636,2894,0,70.1,0x0
1786478637,2891,0,70.6,0x0
1786478638,2892,0,71.1,0x0
1786478639,2896,0,70.1,0x0
1786478641,2896,0,70.6,0x0
1786478642,2890,0,70.6,0x0
1786478643,2890,0,70.6,0x0
1786478644,2894,0,70.6,0x0
1786478645,2894,0,70.6,0x0
1786478646,2891,0,71.5,0x0
1786478647,2891,0,71.5,0x0
1786478648,2895,0,69.1,0x0
1786478649,2896,0,69.6,0x0
1786478650,2892,0,70.6,0x0
1786478651,2892,0,70.1,0x0
1786478652,2891,0,71.1,0x0
1786478653,2895,0,71.5,0x0
1786478654,2895,0,70.1,0x0
1786478655,2897,0,70.6,0x0
1786478656,2897,0,71.1,0x0
1786478657,2900,0,71.5,0x0
1786478658,2900,0,72.0,0x0
1786478659,2897,0,71.5,0x0
1786478660,2896,0,70.1,0x0
1786478662,2892,0,69.6,0x0
1786478663,2892,0,71.1,0x0
1786478664,2891,0,70.6,0x0
1786478665,2891,0,71.1,0x0
1786478666,2898,0,71.1,0x0
1786478667,2898,0,71.1,0x0
1786478668,2899,0,70.6,0x0
1786478669,2899,0,70.6,0x0
1786478670,2896,0,70.1,0x0
1786478671,2896,0,71.5,0x0
1786478672,2899,0,70.6,0x0
1786478673,2899,0,70.1,0x0
1786478674,2893,0,71.1,0x0
1786478675,2894,0,71.1,0x0
1786478676,2895,0,69.6,0x0
1786478677,2896,0,71.5,0x0
1786478678,2898,0,69.6,0x0
1786478679,2898,0,70.6,0x0
1786478680,2895,0,70.6,0x0
1786478682,2895,0,70.1,0x0
1786478683,2896,0,69.6,0x0
1786478684,2896,0,71.1,0x0
1786478685,2892,0,70.1,0x0
1786478686,2895,0,70.1,0x0
1786478687,2893,0,71.1,0x0
1786478688,2899,0,70.1,0x0
1786478689,2899,0,70.6,0x0
1786478690,2894,0,70.6,0x0
1786478691,2894,0,71.1,0x0
1786478692,2895,0,70.6,0x0
1786478693,2895,0,70.1,0x0
1786478694,2896,0,70.6,0x0
1786478695,2896,0,70.6,0x0
1786478696,2894,0,70.6,0x0
1786478697,2894,0,69.6,0x0
1786478698,2898,0,70.1,0x0
1786478699,2898,0,70.6,0x0
1786478700,2896,0,70.6,0x0
1786478701,2898,0,70.1,0x0
1786478703,2894,0,70.6,0x0
1786478704,2894,0,70.6,0x0
1786478705,2892,0,69.6,0x0
1786478706,2892,0,71.1,0x0
1786478707,2896,0,69.1,0x0
1786478708,2896,0,71.5,0x0
1786478709,2898,0,71.5,0x0
1786478710,2898,0,70.1,0x0
1786478711,2894,0,70.1,0x0
1786478712,2894,0,70.1,0x0
1786478713,2894,0,71.5,0x0
1786478714,2894,0,70.1,0x0
1786478715,2893,0,70.1,0x0
1786478716,2893,0,71.1,0x0
1786478717,2893,0,70.6,0x0
1786478718,2893,0,71.5,0x0
1786478719,2892,0,70.6,0x0
1786478720,2895,0,70.1,0x0
1786478722,2894,0,71.1,0x0
1786478723,2898,0,70.1,0x0
1786478724,2898,0,70.6,0x0
1786478725,2895,0,70.6,0x0
1786478726,2895,0,70.6,0x0
1786478727,2895,0,71.1,0x0
1786478728,2895,0,71.1,0x0
1786478729,2897,0,70.1,0x0
1786478730,2897,0,71.5,0x0
1786478731,2895,0,71.1,0x0
1786478732,2896,0,70.1,0x0
1786478733,2895,0,70.6,0x0
1786478734,2895,0,70.1,0x0
1786478735,2888,0,70.6,0x0
1786478736,2889,0,70.6,0x0
1786478737,2894,0,70.1,0x0
1786478738,2894,0,70.6,0x0
1786478739,2895,0,70.1,0x0
1786478741,2896,0,71.1,0x0
1786478742,2897,0,70.1,0x0
1786478743,2897,0,71.1,0x0
1786478744,2891,0,70.1,0x0
1786478745,2895,0,70.1,0x0
1786478746,2895,0,70.6,0x0
1786478747,2897,0,70.6,0x0
1786478748,2899,0,69.1,0x0
1786478749,2899,0,71.5,0x0
1786478750,2894,0,70.6,0x0
1786478751,2894,0,70.1,0x0
1786478752,2894,0,71.1,0x0
1786478753,2895,0,71.5,0x0
1786478754,2894,0,70.1,0x0
1786478755,2894,0,70.6,0x0
1786478756,2896,0,71.1,0x0
1786478757,2897,0,71.1,0x0
1786478759,2896,0,71.1,0x0
1786478760,2896,0,70.6,0x0
1786478761,2894,0,69.6,0x0
1786478762,2893,0,71.5,0x0
1786478763,2892,0,71.1,0x0
1786478764,2893,0,70.6,0x0
1786478765,2896,0,70.1,0x0
1786478766,2897,0,70.1,0x0
1786478767,2892,0,70.1,0x0
1786478768,2899,0,72.0,0x0
1786478769,2898,0,70.1,0x0
1786478770,2899,0,70.6,0x0
1786478771,2899,0,70.1,0x0
1786478772,2898,0,72.0,0x0
1786478773,2898,0,71.1,0x0
1786478774,2897,0,70.6,0x0
1786478776,2896,0,70.6,0x0
1786478777,2893,0,70.1,0x0
1786478778,2894,0,70.1,0x0
1786478779,2899,0,70.6,0x0
1786478780,2899,0,71.1,0x0
1786478781,2893,0,70.6,0x0
1786478782,2893,0,70.6,0x0
1786478783,2894,0,70.6,0x0
1786478784,2895,0,71.1,0x0
1786478785,2892,0,70.6,0x0
1786478786,2893,0,70.1,0x0
1786478787,2899,0,70.1,0x0
1786478788,2898,0,70.6,0x0
1786478789,2899,0,70.1,0x0
1786478790,2899,0,70.1,0x0
1786478791,2895,0,69.1,0x0
1786478792,2895,0,70.1,0x0
1786478794,2897,0,70.6,0x0
1786478795,2897,0,69.6,0x0
1786478796,2893,0,70.6,0x0
1786478797,2894,0,70.6,0x0
1786478798,2895,0,71.5,0x0
1786478799,2895,0,70.6,0x0
1786478800,2895,0,70.6,0x0
1786478801,2895,0,71.5,0x0
1786478802,2895,0,71.5,0x0
1786478803,2896,0,70.6,0x0
1786478804,2897,0,71.1,0x0
1786478805,2897,0,71.1,0x0
1786478806,2899,0,70.1,0x0
1786478807,2899,0,70.6,0x0
1786478808,2900,0,69.6,0x0
1786478809,2899,0,71.1,0x0
1786478810,2892,0,71.1,0x0
1786478811,2897,0,70.6,0x0
1786478813,2893,0,70.1,0x0
1786478814,2894,0,70.1,0x0
1786478815,2894,0,70.1,0x0
1786478816,2894,0,70.6,0x0
1786478817,2894,0,70.6,0x0
1786478818,2895,0,70.1,0x0
1786478819,2895,0,71.1,0x0
1786478820,2890,0,70.6,0x0
1786478821,2891,0,70.1,0x0
1786478822,2895,0,71.5,0x0
1786478823,2895,0,71.1,0x0
1786478824,2898,0,71.1,0x0
1786478825,2897,0,70.6,0x0
1786478826,2890,0,70.6,0x0
1786478827,2891,0,70.1,0x0
1786478828,2894,0,70.6,0x0
1786478829,2893,0,69.6,0x0
1786478831,2897,0,70.1,0x0
1786478832,2897,0,71.1,0x0
1786478833,2896,0,71.1,0x0
1786478834,2896,0,71.1,0x0
1786478835,2895,0,70.6,0x0
1786478836,2894,0,71.1,0x0
1786478837,2895,0,71.1,0x0
1786478838,2894,0,69.6,0x0
1786478839,2892,0,70.1,0x0
1786478840,2892,0,71.1,0x0
1786478841,2893,0,70.1,0x0
1786478842,2893,0,70.6,0x0
1786478843,2890,0,70.6,0x0
1786478844,2892,0,70.1,0x0
1786478845,2894,0,70.1,0x0
1786478846,2895,0,71.1,0x0
1786478847,2897,0,70.6,0x0
1786478848,2899,0,71.5,0x0
1786478850,2898,0,71.1,0x0
1786478851,2897,0,70.6,0x0
1786478852,2894,0,70.6,0x0
1786478853,2894,0,70.6,0x0
1786478854,2892,0,71.5,0x0
1786478855,2898,0,71.1,0x0
1786478856,2894,0,69.6,0x0
1786478857,2895,0,71.1,0x0
1786478858,2895,0,71.1,0x0
1786478859,2893,0,71.5,0x0
1786478860,2893,0,71.1,0x0
1786478861,2894,0,71.1,0x0
1786478862,2894,0,71.1,0x0
1786478863,2897,0,70.1,0x0
1786478864,2897,0,71.5,0x0
1786478865,2902,0,71.1,0x0
1786478866,2901,0,70.6,0x0
1786478868,2895,0,70.6,0x0
1786478869,2896,0,71.5,0x0
1786478870,2896,0,70.1,0x0
1786478871,2897,0,70.6,0x0
1786478872,2894,0,70.6,0x0
1786478873,2895,0,70.1,0x0
1786478874,2892,0,70.6,0x0
1786478875,2893,0,70.6,0x0
1786478876,2894,0,69.6,0x0
1786478877,2894,0,71.1,0x0
1786478878,2896,0,69.6,0x0
1786478879,2895,0,70.1,0x0
1786478880,2896,0,70.1,0x0
1786478881,2896,0,71.1,0x0
1786478882,2896,0,70.6,0x0
1786478883,2896,0,70.1,0x0
1786478884,2896,0,70.6,0x0
1786478885,2896,0,71.1,0x0
1786478886,2895,0,70.1,0x0
1786478888,2895,0,70.6,0x0
1786478889,2895,0,71.1,0x0
1786478890,2895,0,70.6,0x0
1786478891,2896,0,70.6,0x0
1786478892,2896,0,71.1,0x0
1786478893,2893,0,70.6,0x0
1786478894,2893,0,69.1,0x0
1786478895,2884,0,71.1,0x0
1786478896,2885,0,71.5,0x0
1786478897,2889,0,70.6,0x0
1786478898,2891,0,70.1,0x0
1786478899,2887,0,69.6,0x0
1786478900,2896,0,70.6,0x0
1786478901,2896,0,70.6,0x0
1786478902,2895,0,70.1,0x0
1786478903,2895,0,70.6,0x0
1786478904,2897,0,70.6,0x0
1786478906,2897,0,71.1,0x0
1786478907,2899,0,70.6,0x0
1786478908,2899,0,70.1,0x0
1786478909,2897,0,70.1,0x0
1786478910,2897,0,69.6,0x0
1786478911,2898,0,70.6,0x0
1786478912,2898,0,71.1,0x0
1786478913,2896,0,70.1,0x0
1786478914,2896,0,71.1,0x0
1786478915,2892,0,70.6,0x0
1786478916,2893,0,70.6,0x0
1786478917,2894,0,70.6,0x0
1786478918,2895,0,71.1,0x0
1786478919,2897,0,69.6,0x0
1786478920,2897,0,70.1,0x0
1786478921,2896,0,69.6,0x0
1786478922,2899,0,70.1,0x0
1786478923,2897,0,70.1,0x0
1786478924,2897,0,71.1,0x0
1786478926,2895,0,71.1,0x0
1786478927,2895,0,70.1,0x0
1786478928,2895,0,70.6,0x0
1786478929,2894,0,71.5,0x0
1786478930,2890,0,70.6,0x0
1786478931,2891,0,70.6,0x0
1786478932,2886,0,69.6,0x0
1786478933,2894,0,71.1,0x0
1786478934,2894,0,71.5,0x0
1786478935,2896,0,70.6,0x0
1786478936,2891,0,71.5,0x0
1786478937,2895,0,72.0,0x0
1786478938,2893,0,71.1,0x0
1786478939,2900,0,72.0,0x0
1786478940,2899,0,71.5,0x0
1786478941,2899,0,70.1,0x0
1786478942,2898,0,71.1,0x0
1786478943,2895,0,70.1,0x0
1786478945,2895,0,70.6,0x0
1786478946,2894,0,70.1,0x0
1786478947,2894,0,70.6,0x0
1786478948,2897,0,71.1,0x0
1786478949,2897,0,71.5,0x0
1786478950,2900,0,69.1,0x0
1786478951,2899,0,70.1,0x0
1786478952,2896,0,71.1,0x0
1786478953,2897,0,71.1,0x0
1786478954,2899,0,70.6,0x0
1786478955,2898,0,70.6,0x0
1786478956,2894,0,71.5,0x0
1786478957,2894,0,70.6,0x0
1786478958,2895,0,70.6,0x0
1786478959,2895,0,71.5,0x0
1786478960,2894,0,71.5,0x0
1786478961,2894,0,72.5,0x0
1786478963,2898,0,71.1,0x0
1786478964,2898,0,72.0,0x0
1786478965,2897,0,71.5,0x0
1786478966,2899,0,71.5,0x0
1786478967,2902,0,71.5,0x0
1786478968,2901,0,70.1,0x0
1786478969,2900,0,70.6,0x0
1786478970,2900,0,70.6,0x0
1786478971,2897,0,70.6,0x0
1786478972,2897,0,70.1,0x0
1786478973,2897,0,71.1,0x0
1786478974,2898,0,70.6,0x0
1786478975,2874,0,70.1,0x0
1786478976,2886,0,70.6,0x0
1786478977,2889,0,70.6,0x0
1786478978,2889,0,69.6,0x0
1786478979,2892,0,70.6,0x0
1786478980,2892,0,71.1,0x0
1786478982,2887,0,70.1,0x0
1786478983,2891,0,71.1,0x0
1786478984,2888,0,70.1,0x0
1786478985,2894,0,70.6,0x0
1786478986,2895,0,70.1,0x0
1786478987,2897,0,71.1,0x0
1786478988,2896,0,69.6,0x0
1786478989,2898,0,70.1,0x0
1786478990,2897,0,72.5,0x0
1786478991,2898,0,71.5,0x0
1786478992,2897,0,70.1,0x0
1786478993,2889,0,71.5,0x0
1786478994,2889,0,70.6,0x0
1786478995,2894,0,70.6,0x0
1786478996,2894,0,70.1,0x0
1786478997,2897,0,71.1,0x0
1786478998,2898,0,70.6,0x0
1786479000,2900,0,71.1,0x0
1786479001,2900,0,71.5,0x0
1786479002,2897,0,71.1,0x0
1786479003,2897,0,70.6,0x0
1786479004,2895,0,71.5,0x0
1786479005,2894,0,71.5,0x0
1786479006,2896,0,71.5,0x0
1786479007,2896,0,71.1,0x0
1786479008,2893,0,70.6,0x0
1786479009,2894,0,71.1,0x0
1786479010,2896,0,70.6,0x0
1786479011,2896,0,71.5,0x0
1786479012,2892,0,70.6,0x0
1786479013,2893,0,70.1,0x0
1786479014,2888,0,71.1,0x0
1786479015,2890,0,70.6,0x0
1786479016,2894,0,70.1,0x0
1786479017,2894,0,70.6,0x0
1786479019,2896,0,71.1,0x0
1786479020,2897,0,71.1,0x0
1786479021,2895,0,71.1,0x0
1786479022,2895,0,70.6,0x0
1786479023,2894,0,71.1,0x0
1786479024,2898,0,70.6,0x0
1786479025,2895,0,69.6,0x0
1786479026,2897,0,71.1,0x0
1786479027,2896,0,69.6,0x0
1786479028,2899,0,71.1,0x0
1786479029,2899,0,70.1,0x0
1786479030,2901,0,71.5,0x0
1786479031,2901,0,70.6,0x0
1786479032,2896,0,71.1,0x0
1786479033,2896,0,70.6,0x0
1786479034,2892,0,70.6,0x0
1786479035,2894,0,70.6,0x0
1786479036,2895,0,70.6,0x0
1786479038,2895,0,70.1,0x0
1786479039,2896,0,70.1,0x0
1786479040,2896,0,71.1,0x0
1786479041,2896,0,70.6,0x0
1786479042,2897,0,70.1,0x0
1786479043,2891,0,71.1,0x0
1786479044,2893,0,70.6,0x0
1786479045,2897,0,71.1,0x0
1786479046,2897,0,70.6,0x0
1786479047,2897,0,70.1,0x0
1786479048,2897,0,71.1,0x0
1786479049,2895,0,71.5,0x0
1786479050,2895,0,70.1,0x0
1786479051,2898,0,71.1,0x0
1786479052,2898,0,71.1,0x0
1786479053,2896,0,70.1,0x0
1786479054,2895,0,71.1,0x0
1786479055,2898,0,71.1,0x0
1786479057,2898,0,69.6,0x0
1786479058,2893,0,70.1,0x0
1786479059,2893,0,70.1,0x0
1786479060,2893,0,69.6,0x0
1786479061,2893,0,70.1,0x0
1786479062,2895,0,70.1,0x0
1786479063,2894,0,71.1,0x0
1786479064,2892,0,70.1,0x0
1786479065,2897,0,71.5,0x0
1786479066,2893,0,70.1,0x0
1786479067,2893,0,70.6,0x0
1786479068,2893,0,70.6,0x0
1786479069,2895,0,70.1,0x0
1786479070,2896,0,70.6,0x0
1786479071,2896,0,70.6,0x0
1786479072,2896,0,71.1,0x0
1786479073,2895,0,71.5,0x0
1786479074,2896,0,70.6,0x0
1786479076,2896,0,71.1,0x0
1786479077,2897,0,70.1,0x0
1786479078,2896,0,71.1,0x0
1786479079,2896,0,70.1,0x0
1786479080,2894,0,70.1,0x0
1786479081,2895,0,71.5,0x0
1786479082,2895,0,71.1,0x0
1786479083,2896,0,71.1,0x0
1786479084,2900,0,70.6,0x0
1786479085,2900,0,70.6,0x0
1786479086,2894,0,71.5,0x0
1786479087,2894,0,70.6,0x0
1786479088,2896,0,71.1,0x0
1786479089,2896,0,71.1,0x0
1786479090,2897,0,70.6,0x0
1786479091,2898,0,70.6,0x0
1786479092,2895,0,71.1,0x0
1786479093,2896,0,70.6,0x0
1786479095,2893,0,71.1,0x0
1786479096,2893,0,69.6,0x0
1786479097,2891,0,70.1,0x0
1786479098,2891,0,71.5,0x0
1786479099,2891,0,71.1,0x0
1786479100,2891,0,71.1,0x0
1786479101,2892,0,71.1,0x0
1786479102,2893,0,71.1,0x0
1786479103,2892,0,70.6,0x0
1786479104,2895,0,71.1,0x0
1786479105,2892,0,71.1,0x0
1786479106,2896,0,71.1,0x0
1786479107,2896,0,70.1,0x0
1786479108,2896,0,70.1,0x0
1786479109,2897,0,69.6,0x0
1786479110,2895,0,71.1,0x0
1786479111,2895,0,71.1,0x0
1786479112,2895,0,71.5,0x0
1786479114,2895,0,71.5,0x0
1786479115,2891,0,70.6,0x0
1786479116,2890,0,70.6,0x0
1786479117,2890,0,70.6,0x0
1786479118,2891,0,70.6,0x0
1786479119,2897,0,70.6,0x0
1786479120,2897,0,70.6,0x0
1786479121,2897,0,70.1,0x0
1786479122,2896,0,71.1,0x0
1786479123,2896,0,71.1,0x0
1786479124,2896,0,70.6,0x0
1786479125,2897,0,71.1,0x0
1786479126,2897,0,71.1,0x0
1786479127,2895,0,70.6,0x0
1786479128,2896,0,69.1,0x0
1786479129,2894,0,71.1,0x0
1786479130,2894,0,70.6,0x0
1786479132,2892,0,70.6,0x0
1786479133,2892,0,70.6,0x0
1786479134,2895,0,70.6,0x0
1786479135,2895,0,70.6,0x0
1786479136,2892,0,69.6,0x0
1786479137,2892,0,70.6,0x0
1786479138,2897,0,69.6,0x0
1786479139,2897,0,70.1,0x0
1786479140,2897,0,70.1,0x0
1786479141,2898,0,72.0,0x0
1786479142,2897,0,71.1,0x0
1786479143,2896,0,70.1,0x0
1786479144,2893,0,70.1,0x0
1786479145,2895,0,72.0,0x0
1786479146,2890,0,70.1,0x0
1786479147,2897,0,69.6,0x0
1786479148,2897,0,70.6,0x0
1786479150,2898,0,70.6,0x0
1786479151,2898,0,71.1,0x0
1786479152,2896,0,71.1,0x0
1786479153,2896,0,69.1,0x0
1786479154,2898,0,69.6,0x0
1786479155,2898,0,69.6,0x0
1786479156,2896,0,70.1,0x0
1786479157,2897,0,71.1,0x0
1786479158,2896,0,70.1,0x0
1786479159,2896,0,71.1,0x0
1786479160,2896,0,71.1,0x0
1786479161,2895,0,71.1,0x0
1786479162,2889,0,70.6,0x0
1786479163,2889,0,70.6,0x0
1786479164,2895,0,71.1,0x0
1786479165,2896,0,70.6,0x0
1786479166,2891,0,70.6,0x0
1786479168,2892,0,70.6,0x0
1786479169,2895,0,71.1,0x0
1786479170,2895,0,71.1,0x0
1786479171,2894,0,69.1,0x0
1786479172,2894,0,71.5,0x0
1786479173,2898,0,69.6,0x0
1786479174,2898,0,70.1,0x0
1786479175,2899,0,70.1,0x0
1786479176,2898,0,70.6,0x0
1786479177,2898,0,70.6,0x0
1786479178,2898,0,70.1,0x0
1786479179,2896,0,70.6,0x0
1786479180,2896,0,71.1,0x0
1786479181,2896,0,71.5,0x0
1786479182,2896,0,70.6,0x0
1786479183,2893,0,70.6,0x0
1786479184,2893,0,70.6,0x0
1786479185,2890,0,70.6,0x0
1786479187,2891,0,69.6,0x0
1786479188,2890,0,70.1,0x0
1786479189,2892,0,70.1,0x0
1786479190,2893,0,71.1,0x0
1786479191,2893,0,71.5,0x0
1786479192,2891,0,71.1,0x0
1786479193,2892,0,70.6,0x0
1786479194,2898,0,69.6,0x0
1786479195,2895,0,70.1,0x0
1786479196,2892,0,71.1,0x0
1786479197,2896,0,70.1,0x0
1786479198,2892,0,71.1,0x0
1786479199,2891,0,70.6,0x0
1786479200,2891,0,70.1,0x0
1786479201,2899,0,71.1,0x0
1786479202,2899,0,70.1,0x0
1786479203,2893,0,71.1,0x0
1786479205,2895,0,70.1,0x0
1786479206,2894,0,72.0,0x0
1786479207,2895,0,70.6,0x0
1786479208,2897,0,71.1,0x0
1786479209,2898,0,72.0,0x0
1786479210,2897,0,71.1,0x0
1786479211,2896,0,71.1,0x0
1786479212,2895,0,70.6,0x0
1786479213,2895,0,70.6,0x0
1786479214,2897,0,69.1,0x0
1786479215,2898,0,71.1,0x0
1786479216,2899,0,71.1,0x0
1786479217,2898,0,71.1,0x0
1786479218,2896,0,70.6,0x0
1786479219,2896,0,71.1,0x0
1786479220,2897,0,70.1,0x0
1786479222,2898,0,70.1,0x0
1786479223,2894,0,70.6,0x0
1786479224,2895,0,71.5,0x0
1786479225,2891,0,71.1,0x0
1786479226,2891,0,71.1,0x0
1786479227,2894,0,71.5,0x0
1786479228,2894,0,71.1,0x0
1786479229,2898,0,71.1,0x0
1786479230,2897,0,70.6,0x0
1786479231,2896,0,70.1,0x0
1786479232,2896,0,71.5,0x0
1786479233,2898,0,71.5,0x0
1786479234,2899,0,70.6,0x0
1786479235,2900,0,70.1,0x0
1786479236,2900,0,71.5,0x0
1786479237,2896,0,69.6,0x0
1786479238,2897,0,71.1,0x0
1786479239,2894,0,71.1,0x0
1786479241,2894,0,70.6,0x0
1786479242,2893,0,71.5,0x0
1786479243,2897,0,70.6,0x0
1786479244,2897,0,70.1,0x0
1786479245,2900,0,71.1,0x0
1786479246,2899,0,71.5,0x0
1786479247,2894,0,72.0,0x0
1786479248,2895,0,71.5,0x0
1786479249,2895,0,70.6,0x0
1786479250,2896,0,70.6,0x0
1786479251,2897,0,71.1,0x0
1786479252,2898,0,71.5,0x0
1786479253,2892,0,71.1,0x0
1786479254,2892,0,71.1,0x0
1786479255,2894,0,71.5,0x0
1786479256,2893,0,70.1,0x0
1786479257,2897,0,71.5,0x0
1786479258,2897,0,71.5,0x0
1786479260,2899,0,70.6,0x0
1786479261,2899,0,69.6,0x0
1786479262,2896,0,70.6,0x0
1786479263,2895,0,72.0,0x0
1786479264,2898,0,70.1,0x0
1786479265,2897,0,71.1,0x0
1786479266,2901,0,71.5,0x0
1786479267,2901,0,71.1,0x0
1786479268,2896,0,71.1,0x0
1786479269,2896,0,70.6,0x0
1786479270,2898,0,70.6,0x0
1786479271,2897,0,72.0,0x0
1786479272,2894,0,70.6,0x0
1786479273,2894,0,70.6,0x0
1786479274,2892,0,70.6,0x0
1786479275,2896,0,71.5,0x0
1786479276,2896,0,70.1,0x0
1786479277,2900,0,71.1,0x0
1786479279,2900,0,71.1,0x0
1786479280,2897,0,71.5,0x0
1786479281,2898,0,71.1,0x0
1786479282,2897,0,69.6,0x0
1786479283,2897,0,70.1,0x0
1786479284,2894,0,71.1,0x0
1786479285,2895,0,71.5,0x0
1786479286,2892,0,71.1,0x0
1786479287,2892,0,71.1,0x0
1786479288,2897,0,70.1,0x0
1786479289,2897,0,70.6,0x0
1786479290,2899,0,70.1,0x0
1786479291,2899,0,71.1,0x0
1786479292,2898,0,71.1,0x0
1786479293,2898,0,70.6,0x0
1786479294,2894,0,71.1,0x0
1786479295,2894,0,70.6,0x0
1786479296,2897,0,70.1,0x0
1786479298,2898,0,71.1,0x0
1786479299,2896,0,71.1,0x0
1786479300,2897,0,71.5,0x0
1786479301,2898,0,70.6,0x0
1786479302,2898,0,70.6,0x0
1786479303,2896,0,70.6,0x0
1786479304,2896,0,70.6,0x0
1786479305,2891,0,70.1,0x0
1786479306,2891,0,69.6,0x0
1786479307,2895,0,70.6,0x0
1786479308,2895,0,71.1,0x0
1786479309,2892,0,71.1,0x0
1786479310,2892,0,70.6,0x0
1786479311,2891,0,71.1,0x0
1786479312,2891,0,70.6,0x0
1786479313,2891,0,70.1,0x0
1786479314,2892,0,71.1,0x0
1786479316,2891,0,71.5,0x0
1786479317,2899,0,71.1,0x0
1786479318,2897,0,70.6,0x0
1786479319,2899,0,71.1,0x0
1786479320,2899,0,71.1,0x0
1786479321,2896,0,70.6,0x0
1786479322,2896,0,71.1,0x0
1786479323,2892,0,71.5,0x0
1786479324,2892,0,71.1,0x0
1786479325,2899,0,70.6,0x0
1786479326,2899,0,71.1,0x0
1786479327,2896,0,71.1,0x0
1786479328,2895,0,69.1,0x0
1786479329,2893,0,70.1,0x0
1786479330,2894,0,70.6,0x0
1786479331,2889,0,69.6,0x0
1786479332,2890,0,69.6,0x0
1786479334,2894,0,69.1,0x0
1786479335,2895,0,71.1,0x0
1786479336,2892,0,71.1,0x0
1786479337,2893,0,70.1,0x0
1786479338,2892,0,70.6,0x0
1786479339,2892,0,70.1,0x0
1786479340,2896,0,71.5,0x0
1786479341,2898,0,71.5,0x0
1786479342,2895,0,70.6,0x0
1786479343,2896,0,70.1,0x0
1786479344,2901,0,71.5,0x0
1786479345,2900,0,71.1,0x0
1786479346,2897,0,71.1,0x0
1786479347,2898,0,72.0,0x0
1786479348,2895,0,70.6,0x0
1786479349,2895,0,70.6,0x0
1786479350,2891,0,70.1,0x0
1786479351,2892,0,69.6,0x0
1786479353,2891,0,71.1,0x0
1786479354,2898,0,70.6,0x0
1786479355,2895,0,71.1,0x0
1786479356,2899,0,70.6,0x0
1786479357,2899,0,70.1,0x0
1786479358,2902,0,70.1,0x0
1786479359,2902,0,71.5,0x0
1786479360,2899,0,71.1,0x0
1786479361,2899,0,71.1,0x0
1786479362,2897,0,70.6,0x0
1786479363,2897,0,71.5,0x0
1786479364,2897,0,71.1,0x0
1786479365,2897,0,70.1,0x0
1786479366,2898,0,71.1,0x0
1786479367,2897,0,71.1,0x0
1786479368,2898,0,70.6,0x0
1786479369,2899,0,71.5,0x0
1786479371,2895,0,70.1,0x0
1786479372,2895,0,71.1,0x0
1786479373,2894,0,70.6,0x0
1786479374,2894,0,71.5,0x0
1786479375,2891,0,71.1,0x0
1786479376,2892,0,70.1,0x0
1786479377,2890,0,70.6,0x0
1786479378,2891,0,71.1,0x0
1786479379,2891,0,70.6,0x0
1786479380,2891,0,70.1,0x0
1786479381,2896,0,70.6,0x0
1786479382,2896,0,70.6,0x0
1786479383,2897,0,69.6,0x0
1786479384,2897,0,71.5,0x0
1786479385,2894,0,70.6,0x0
1786479387,2894,0,70.6,0x0
1786479388,2894,0,70.1,0x0
1786479389,2895,0,70.6,0x0
1786479390,2892,0,70.1,0x0
1786479391,2893,0,71.1,0x0
1786479392,2894,0,70.6,0x0
1786479393,2894,0,71.1,0x0
1786479394,2893,0,69.6,0x0
1786479395,2893,0,70.6,0x0
1786479396,2897,0,71.5,0x0
1786479397,2897,0,70.6,0x0
1786479398,2898,0,70.1,0x0
1786479399,2899,0,70.1,0x0
1786479400,2897,0,70.1,0x0
1786479401,2897,0,71.5,0x0
1786479402,2893,0,71.1,0x0
1786479403,2900,0,71.1,0x0
1786479405,2898,0,70.6,0x0
1786479406,2896,0,70.6,0x0
1786479407,2896,0,71.1,0x0
1786479408,2898,0,70.1,0x0
1786479409,2899,0,70.1,0x0
1786479410,2894,0,71.5,0x0
1786479411,2894,0,71.1,0x0
1786479412,2892,0,71.1,0x0
1786479413,2892,0,70.1,0x0
1786479414,2894,0,70.6,0x0
1786479415,2895,0,70.6,0x0
1786479416,2898,0,70.1,0x0
1786479417,2897,0,71.5,0x0
1786479418,2896,0,70.1,0x0
1786479419,2898,0,70.6,0x0
1786479420,2895,0,69.6,0x0
1786479421,2894,0,71.5,0x0
1786479422,2896,0,71.5,0x0
1786479423,2896,0,70.6,0x0
1786479424,2894,0,71.1,0x0
1786479426,2894,0,70.1,0x0
1786479427,2899,0,71.1,0x0
1786479428,2898,0,71.1,0x0
1786479429,2898,0,71.1,0x0
1786479430,2898,0,70.6,0x0
1786479431,2891,0,70.1,0x0
1786479432,2892,0,71.1,0x0
1786479433,2889,0,70.6,0x0
1786479434,2894,0,69.6,0x0
1786479435,2892,0,70.6,0x0
1786479436,2898,0,70.1,0x0
1786479437,2897,0,70.6,0x0
1786479438,2900,0,71.1,0x0
1786479439,2900,0,70.6,0x0
1786479440,2897,0,71.1,0x0
1786479441,2897,0,71.5,0x0
1786479442,2896,0,71.1,0x0
1786479443,2895,0,71.1,0x0
1786479444,2899,0,71.5,0x0
1786479446,2899,0,70.1,0x0
1786479447,2897,0,71.1,0x0
1786479448,2896,0,70.6,0x0
1786479449,2897,0,70.6,0x0
1786479450,2897,0,70.6,0x0
1786479451,2894,0,71.1,0x0
1786479452,2894,0,70.1,0x0
1786479453,2896,0,70.6,0x0
1786479454,2896,0,71.1,0x0
1786479455,2896,0,70.6,0x0
1786479456,2895,0,71.1,0x0
1786479457,2897,0,70.1,0x0
1786479458,2897,0,69.6,0x0
1786479459,2895,0,70.6,0x0
1786479460,2894,0,71.5,0x0
1786479461,2896,0,70.1,0x0
1786479462,2897,0,71.1,0x0
1786479463,2900,0,71.1,0x0
1786479465,2899,0,71.1,0x0
1786479466,2896,0,70.6,0x0
1786479467,2896,0,71.1,0x0
1786479468,2895,0,70.6,0x0
1786479469,2895,0,71.1,0x0
1786479470,2895,0,70.6,0x0
1786479471,2894,0,71.1,0x0
1786479472,2891,0,70.6,0x0
1786479473,2897,0,71.1,0x0
1786479474,2897,0,70.6,0x0
1786479475,2895,0,70.6,0x0
1786479476,2895,0,71.5,0x0
1786479477,2894,0,70.1,0x0
1786479478,2895,0,71.1,0x0
1786479479,2894,0,70.6,0x0
1786479480,2894,0,71.1,0x0
1786479481,2899,0,71.5,0x0
1786479482,2899,0,71.5,0x0
1786479483,2899,0,70.1,0x0
1786479484,2900,0,71.5,0x0
1786479486,2896,0,70.6,0x0
1786479487,2899,0,71.1,0x0
1786479488,2896,0,70.6,0x0
1786479489,2896,0,71.1,0x0
1786479490,2895,0,71.5,0x0
1786479491,2895,0,71.1,0x0
1786479492,2898,0,71.1,0x0
1786479493,2897,0,71.5,0x0
1786479494,2897,0,70.6,0x0
1786479495,2897,0,70.1,0x0
1786479496,2893,0,71.1,0x0
1786479497,2893,0,69.6,0x0
1786479498,2894,0,70.1,0x0
1786479499,2894,0,70.1,0x0
1786479500,2892,0,71.1,0x0
1786479501,2891,0,71.1,0x0
1786479502,2894,0,70.1,0x0
1786479503,2894,0,70.6,0x0
1786479505,2895,0,71.1,0x0
1786479506,2895,0,71.5,0x0
1786479507,2895,0,70.1,0x0
1786479508,2895,0,70.6,0x0
1786479509,2899,0,71.1,0x0
1786479510,2899,0,71.1,0x0
1786479511,2894,0,70.6,0x0
1786479512,2897,0,71.1,0x0
1786479513,2896,0,70.1,0x0
1786479514,2894,0,71.5,0x0
1786479515,2895,0,72.0,0x0
1786479516,2895,0,70.6,0x0
1786479517,2896,0,71.1,0x0
1786479518,2893,0,70.1,0x0
1786479519,2893,0,70.6,0x0
1786479520,2897,0,70.6,0x0
1786479521,2897,0,71.1,0x0
1786479522,2894,0,70.6,0x0
1786479524,2895,0,72.0,0x0
1786479525,2895,0,70.1,0x0
1786479526,2896,0,70.1,0x0
1786479527,2898,0,71.1,0x0
1786479528,2898,0,71.5,0x0
1786479529,2894,0,69.6,0x0
1786479530,2894,0,72.0,0x0
1786479531,2892,0,71.1,0x0
1786479532,2892,0,71.1,0x0
1786479533,2891,0,70.6,0x0
1786479534,2892,0,71.1,0x0
1786479535,2889,0,71.1,0x0
1786479536,2890,0,69.6,0x0
1786479537,2896,0,70.6,0x0
1786479538,2895,0,71.1,0x0
1786479539,2898,0,70.1,0x0
1786479540,2898,0,70.1,0x0
1786479542,2901,0,70.6,0x0
1786479543,2900,0,71.5,0x0
1786479544,2894,0,70.6,0x0
1786479545,2895,0,71.5,0x0
1786479546,2900,0,71.1,0x0
1786479547,2900,0,71.1,0x0
1786479548,2899,0,72.0,0x0
1786479549,2899,0,71.5,0x0
1786479550,2898,0,71.5,0x0
1786479551,2900,0,71.5,0x0
1786479552,2899,0,70.6,0x0
1786479553,2898,0,72.5,0x0
1786479554,2896,0,70.1,0x0
1786479555,2894,0,71.1,0x0
1786479556,2890,0,70.6,0x0
1786479557,2893,0,71.5,0x0
1786479558,2893,0,70.1,0x0
1786479559,2892,0,70.6,0x0
1786479560,2893,0,70.1,0x0
1786479562,2898,0,70.1,0x0
1786479563,2898,0,71.1,0x0
1786479564,2896,0,70.1,0x0
1786479565,2895,0,70.1,0x0
1786479566,2897,0,70.6,0x0
1786479567,2898,0,71.1,0x0
1786479568,2896,0,70.6,0x0
1786479569,2897,0,71.1,0x0
1786479570,2898,0,70.1,0x0
1786479571,2899,0,71.1,0x0
1786479572,2898,0,70.1,0x0
1786479573,2898,0,70.1,0x0
1786479574,2891,0,70.1,0x0
1786479575,2891,0,71.1,0x0
1786479576,2893,0,71.5,0x0
1786479577,2893,0,70.6,0x0
1786479578,2895,0,71.1,0x0
1786479579,2895,0,69.6,0x0
1786479580,2897,0,70.6,0x0
1786479582,2897,0,70.1,0x0
1786479583,2895,0,70.6,0x0
1786479584,2895,0,71.5,0x0
1786479585,2897,0,70.1,0x0
1786479586,2897,0,72.0,0x0
1786479587,2898,0,71.1,0x0
1786479588,2898,0,71.5,0x0
1786479589,2897,0,70.6,0x0
1786479590,2897,0,71.5,0x0
1786479591,2893,0,71.5,0x0
1786479592,2893,0,69.6,0x0
1786479593,2891,0,71.1,0x0
1786479594,2894,0,70.6,0x0
1786479595,2895,0,70.6,0x0
1786479596,2893,0,71.1,0x0
1786479597,2893,0,70.6,0x0
1786479598,2893,0,71.1,0x0
1786479599,2894,0,71.1,0x0
1786479601,2894,0,70.1,0x0
1786479602,2895,0,70.6,0x0
1786479603,2897,0,71.1,0x0
1786479604,2897,0,70.1,0x0
1786479605,2891,0,70.1,0x0
1786479606,2891,0,71.1,0x0
1786479607,2895,0,71.1,0x0
1786479608,2896,0,70.1,0x0
1786479609,2899,0,70.1,0x0
1786479610,2899,0,70.1,0x0
1786479611,2899,0,70.6,0x0
1786479612,2898,0,71.1,0x0
1786479613,2900,0,70.6,0x0
1786479614,2899,0,71.5,0x0
1786479615,2897,0,71.1,0x0
1786479616,2897,0,71.5,0x0
1786479617,2895,0,71.1,0x0
1786479618,2894,0,71.1,0x0
1786479620,2896,0,70.6,0x0
1786479621,2895,0,72.0,0x0
1786479622,2898,0,70.6,0x0
1786479623,2898,0,71.5,0x0
1786479624,2898,0,70.6,0x0
1786479625,2897,0,71.5,0x0
1786479626,2899,0,71.1,0x0
1786479627,2900,0,69.6,0x0
1786479628,2897,0,69.1,0x0
1786479629,2897,0,71.1,0x0
1786479630,2892,0,70.1,0x0
1786479631,2893,0,71.1,0x0
1786479632,2890,0,70.6,0x0
1786479633,2894,0,71.1,0x0
1786479634,2894,0,70.1,0x0
1786479635,2877,0,69.6,0x0
1786479636,2876,0,71.1,0x0
1786479637,2885,0,70.6,0x0
1786479638,2885,0,70.1,0x0
1786479640,2886,0,70.1,0x0
1786479641,2888,0,71.5,0x0
1786479642,2893,0,70.6,0x0
1786479643,2893,0,70.6,0x0
1786479644,2894,0,71.1,0x0
1786479645,2894,0,71.1,0x0
1786479646,2892,0,70.6,0x0
1786479647,2893,0,71.1,0x0
1786479648,2893,0,70.1,0x0
1786479649,2894,0,70.6,0x0
1786479650,2894,0,70.6,0x0
1786479651,2895,0,71.5,0x0
1786479652,2898,0,70.6,0x0
1786479653,2897,0,70.6,0x0
1786479654,2892,0,71.1,0x0
1786479655,2893,0,71.5,0x0
1786479656,2894,0,71.1,0x0
1786479657,2895,0,71.1,0x0
1786479658,2893,0,70.6,0x0
1786479660,2895,0,71.1,0x0
1786479661,2898,0,71.1,0x0
1786479662,2898,0,71.5,0x0
1786479663,2897,0,71.5,0x0
1786479664,2897,0,71.1,0x0
1786479665,2895,0,69.6,0x0
1786479666,2895,0,70.6,0x0
1786479667,2895,0,70.1,0x0
1786479668,2894,0,71.1,0x0
1786479669,2890,0,70.1,0x0
1786479670,2896,0,70.6,0x0
1786479671,2893,0,70.1,0x0
1786479672,2895,0,70.6,0x0
1786479673,2894,0,70.1,0x0
1786479674,2895,0,71.1,0x0
1786479675,2895,0,70.1,0x0
1786479676,2895,0,71.1,0x0
1786479678,2895,0,69.6,0x0
1786479679,2896,0,71.5,0x0
1786479680,2896,0,70.6,0x0
1786479681,2897,0,71.1,0x0
1786479682,2897,0,71.1,0x0
1786479683,2895,0,70.1,0x0
1786479684,2896,0,70.1,0x0
1786479685,2893,0,70.1,0x0
1786479686,2895,0,70.6,0x0
1786479687,2896,0,70.1,0x0
1786479688,2896,0,70.1,0x0
1786479689,2897,0,70.1,0x0
1786479690,2897,0,71.1,0x0
1786479691,2896,0,69.6,0x0
1786479692,2895,0,70.1,0x0
1786479693,2898,0,70.1,0x0
1786479694,2898,0,72.0,0x0
1786479695,2892,0,70.6,0x0
1786479696,2892,0,71.1,0x0
1786479698,2892,0,70.1,0x0
1786479699,2893,0,71.1,0x0
1786479700,2895,0,70.1,0x0
1786479701,2895,0,71.5,0x0
1786479702,2893,0,71.1,0x0
1786479703,2894,0,70.1,0x0
1786479704,2898,0,70.1,0x0
1786479705,2898,0,71.1,0x0
1786479706,2895,0,70.6,0x0
1786479707,2895,0,69.6,0x0
1786479708,2890,0,70.6,0x0
1786479709,2894,0,71.5,0x0
1786479710,2894,0,71.5,0x0
1786479711,2893,0,70.6,0x0
1786479712,2894,0,70.6,0x0
1786479713,2892,0,70.6,0x0
1786479714,2893,0,71.1,0x0
1786479715,2889,0,70.1,0x0
1786479716,2894,0,72.0,0x0
1786479718,2894,0,70.6,0x0
1786479719,2894,0,71.1,0x0
1786479720,2890,0,70.6,0x0
1786479721,2891,0,70.6,0x0
1786479722,2894,0,71.1,0x0
1786479723,2895,0,69.6,0x0
1786479724,2895,0,71.1,0x0
1786479725,2895,0,71.5,0x0
1786479726,2894,0,71.1,0x0
1786479727,2895,0,71.5,0x0
1786479728,2899,0,71.5,0x0
1786479729,2898,0,71.1,0x0
1786479730,2894,0,71.1,0x0
1786479731,2895,0,70.6,0x0
1786479732,2894,0,69.6,0x0
1786479733,2894,0,70.6,0x0
1786479735,2890,0,70.1,0x0
1786479736,2891,0,71.1,0x0
1786479737,2894,0,71.1,0x0
1786479738,2895,0,71.1,0x0
1786479739,2897,0,71.5,0x0
1786479740,2897,0,71.5,0x0
1786479741,2898,0,72.0,0x0
1786479742,2897,0,70.1,0x0
1786479743,2892,0,71.5,0x0
1786479744,2893,0,69.6,0x0
1786479745,2890,0,71.5,0x0
1786479746,2892,0,71.1,0x0
1786479747,2892,0,70.6,0x0
1786479748,2897,0,70.1,0x0
1786479749,2897,0,71.1,0x0
1786479750,2891,0,70.6,0x0
1786479751,2892,0,71.5,0x0
1786479752,2893,0,71.1,0x0
1786479753,2894,0,70.6,0x0
1786479755,2896,0,71.5,0x0
1786479756,2895,0,70.1,0x0
1786479757,2894,0,72.0,0x0
1786479758,2894,0,71.1,0x0
1786479759,2894,0,71.1,0x0
1786479760,2894,0,70.6,0x0
1786479761,2892,0,69.6,0x0
1786479762,2893,0,70.6,0x0
1786479763,2892,0,70.6,0x0
1786479764,2892,0,70.1,0x0
1786479765,2895,0,71.1,0x0
1786479766,2895,0,69.6,0x0
1786479767,2899,0,71.1,0x0
1786479768,2898,0,70.6,0x0
1786479769,2897,0,71.1,0x0
1786479770,2896,0,70.6,0x0
1786479771,2893,0,71.5,0x0
1786479772,2894,0,70.1,0x0
1786479773,2890,0,70.1,0x0
1786479775,2892,0,72.0,0x0
1786479776,2891,0,70.6,0x0
1786479777,2892,0,70.6,0x0
1786479778,2891,0,69.6,0x0
1786479779,2892,0,71.5,0x0
1786479780,2894,0,70.6,0x0
1786479781,2894,0,71.1,0x0
1786479782,2893,0,70.6,0x0
1786479783,2893,0,71.5,0x0
1786479784,2887,0,71.1,0x0
1786479785,2894,0,70.6,0x0
1786479786,2890,0,70.6,0x0
1786479787,2894,0,71.5,0x0
1786479788,2894,0,70.1,0x0
1786479789,2893,0,70.6,0x0
1786479790,2893,0,71.1,0x0
1786479791,2892,0,71.5,0x0
1786479792,2892,0,71.1,0x0
1786479793,2894,0,71.1,0x0
1786479795,2895,0,70.1,0x0
1786479796,2898,0,71.1,0x0
1786479797,2898,0,70.6,0x0
1786479798,2894,0,71.1,0x0
1786479799,2894,0,72.0,0x0
1786479800,2892,0,70.6,0x0
1786479801,2892,0,70.1,0x0
1786479802,2894,0,71.5,0x0
1786479803,2894,0,71.5,0x0
1786479804,2894,0,70.6,0x0
1786479805,2895,0,71.1,0x0
1786479806,2895,0,71.1,0x0
1786479807,2895,0,70.1,0x0
1786479808,2894,0,70.6,0x0
1786479809,2893,0,70.6,0x0
1786479810,2894,0,71.5,0x0
1786479811,2894,0,71.5,0x0
1786479812,2895,0,72.0,0x0
1786479813,2895,0,70.6,0x0
1786479814,2892,0,72.5,0x0
1786479816,2891,0,71.5,0x0
1786479817,2895,0,70.6,0x0
1786479818,2895,0,72.0,0x0
1786479819,2897,0,70.6,0x0
1786479820,2896,0,71.5,0x0
1786479821,2892,0,71.1,0x0
1786479822,2896,0,72.5,0x0
1786479823,2895,0,72.0,0x0
1786479824,2892,0,71.1,0x0
1786479825,2892,0,70.1,0x0
1786479826,2894,0,71.1,0x0
1786479827,2894,0,70.6,0x0
1786479828,2896,0,71.1,0x0
1786479829,2895,0,71.5,0x0
1786479830,2899,0,71.5,0x0
1786479831,2898,0,71.5,0x0
1786479832,2897,0,71.1,0x0
1786479833,2897,0,71.1,0x0
1786479835,2897,0,71.1,0x0
1786479836,2898,0,70.6,0x0
1786479837,2898,0,71.5,0x0
1786479838,2898,0,71.1,0x0
1786479839,2899,0,71.1,0x0
1786479840,2898,0,71.5,0x0
1786479841,2897,0,71.5,0x0
1786479842,2896,0,70.6,0x0
1786479843,2894,0,71.5,0x0
1786479844,2894,0,71.1,0x0
1786479845,2891,0,71.1,0x0
1786479846,2892,0,70.1,0x0
1786479847,2891,0,70.6,0x0
1786479848,2891,0,72.0,0x0
1786479849,2894,0,70.6,0x0
1786479850,2894,0,70.1,0x0
1786479851,2894,0,71.1,0x0
1786479853,2894,0,71.1,0x0
1786479854,2894,0,71.1,0x0
1786479855,2895,0,70.6,0x0
1786479856,2891,0,71.1,0x0
1786479857,2892,0,71.5,0x0
1786479858,2890,0,70.6,0x0
1786479859,2894,0,71.1,0x0
1786479860,2891,0,70.1,0x0
1786479861,2896,0,71.1,0x0
1786479862,2896,0,71.1,0x0
1786479863,2893,0,71.1,0x0
1786479864,2895,0,70.6,0x0
1786479865,2896,0,70.6,0x0
1786479866,2897,0,70.1,0x0
1786479867,2897,0,71.1,0x0
1786479868,2896,0,70.6,0x0
1786479869,2898,0,70.6,0x0
1786479870,2898,0,70.6,0x0
1786479871,2893,0,71.5,0x0
1786479872,2893,0,70.1,0x0
1786479874,2896,0,70.1,0x0
1786479875,2895,0,71.5,0x0
1786479876,2895,0,70.1,0x0
1786479877,2895,0,72.0,0x0
1786479878,2896,0,70.1,0x0
1786479879,2898,0,72.0,0x0
1786479880,2897,0,71.1,0x0
1786479881,2896,0,72.0,0x0
1786479882,2896,0,71.1,0x0
1786479883,2896,0,70.6,0x0
1786479884,2897,0,71.1,0x0
1786479885,2897,0,71.5,0x0
1786479886,2894,0,71.1,0x0
1786479887,2894,0,71.1,0x0
1786479888,2896,0,71.1,0x0
1786479889,2896,0,71.1,0x0
1786479890,2901,0,70.6,0x0
1786479891,2900,0,70.6,0x0
1786479893,2896,0,70.6,0x0
1786479894,2896,0,71.1,0x0
1786479895,2894,0,71.1,0x0
1786479896,2894,0,70.1,0x0
1786479897,2893,0,69.6,0x0
1786479898,2893,0,71.1,0x0
1786479899,2895,0,71.5,0x0
1786479900,2895,0,70.6,0x0
1786479901,2890,0,70.6,0x0
1786479902,2892,0,71.5,0x0
1786479903,2890,0,70.1,0x0
1786479904,2892,0,70.6,0x0
1786479905,2892,0,70.6,0x0
1786479906,2893,0,70.6,0x0
1786479907,2893,0,71.1,0x0
1786479908,2892,0,71.5,0x0
1786479909,2893,0,70.1,0x0
1786479910,2891,0,70.1,0x0
1786479912,2891,0,70.6,0x0
1786479913,2890,0,70.6,0x0
1786479914,2891,0,70.1,0x0
1786479915,2894,0,71.1,0x0
1786479916,2894,0,71.1,0x0
1786479917,2892,0,71.1,0x0
1786479918,2892,0,71.1,0x0
1786479919,2893,0,71.5,0x0
1786479920,2893,0,71.1,0x0
1786479921,2890,0,71.5,0x0
1786479922,2891,0,71.1,0x0
1786479923,2893,0,70.6,0x0
1786479924,2894,0,72.0,0x0
1786479925,2896,0,69.6,0x0
1786479926,2896,0,71.5,0x0
1786479927,2895,0,71.5,0x0
1786479928,2895,0,71.1,0x0
1786479929,2897,0,70.6,0x0
1786479931,2897,0,70.6,0x0
1786479932,2896,0,72.0,0x0
1786479933,2896,0,70.6,0x0
1786479934,2897,0,70.6,0x0
1786479935,2897,0,70.6,0x0
1786479936,2894,0,70.6,0x0
1786479937,2894,0,69.6,0x0
1786479938,2890,0,71.1,0x0
1786479939,2890,0,70.1,0x0
1786479940,2890,0,71.5,0x0
1786479941,2891,0,70.6,0x0
1786479942,2888,0,70.1,0x0
1786479943,2889,0,71.1,0x0
1786479944,2890,0,69.6,0x0
1786479945,2892,0,71.1,0x0
1786479946,2893,0,71.5,0x0
1786479947,2893,0,70.6,0x0
1786479948,2894,0,71.1,0x0
1786479949,2895,0,69.6,0x0
1786479950,2895,0,70.1,0x0
1786479952,2889,0,70.6,0x0
1786479953,2891,0,69.6,0x0
1786479954,2895,0,71.1,0x0
1786479955,2895,0,70.1,0x0
1786479956,2893,0,71.5,0x0
1786479957,2894,0,71.1,0x0
1786479958,2892,0,70.6,0x0
1786479959,2892,0,70.6,0x0
1786479960,2893,0,70.1,0x0
1786479961,2893,0,70.6,0x0
1786479962,2891,0,71.1,0x0
1786479963,2892,0,71.5,0x0
1786479964,2890,0,71.1,0x0
1786479965,2892,0,70.6,0x0
1786479966,2893,0,70.6,0x0
1786479967,2893,0,70.1,0x0
1786479968,2892,0,70.6,0x0
1786479969,2892,0,72.0,0x0
1786479970,2893,0,70.1,0x0
1786479972,2893,0,71.5,0x0
1786479973,2889,0,70.1,0x0
1786479974,2891,0,71.1,0x0
1786479975,2891,0,71.1,0x0
1786479976,2894,0,71.1,0x0
1786479977,2894,0,71.1,0x0
1786479978,2893,0,72.0,0x0
1786479979,2895,0,71.1,0x0
1786479980,2894,0,71.1,0x0
1786479981,2896,0,70.1,0x0
1786479982,2894,0,70.1,0x0
1786479983,2895,0,70.6,0x0
1786479984,2895,0,69.6,0x0
1786479985,2894,0,71.5,0x0
1786479986,2897,0,71.1,0x0
1786479987,2897,0,70.6,0x0
1786479988,2895,0,71.1,0x0
1786479989,2895,0,71.1,0x0
1786479991,2897,0,70.6,0x0
1786479992,2898,0,71.5,0x0
1786479993,2899,0,70.6,0x0
1786479994,2899,0,71.5,0x0
1786479995,2896,0,70.6,0x0
1786479996,2896,0,70.1,0x0
1786479997,2899,0,70.6,0x0
1786479998,2899,0,69.6,0x0
1786479999,2897,0,70.1,0x0
1786480000,2897,0,69.6,0x0
1786480001,2896,0,70.1,0x0
1786480002,2896,0,70.1,0x0
1786480003,2894,0,71.1,0x0
1786480004,2894,0,70.6,0x0
1786480005,2890,0,71.5,0x0
1786480006,2894,0,70.1,0x0
1786480007,2891,0,71.1,0x0
1786480008,2894,0,70.6,0x0
1786480009,2894,0,69.6,0x0
1786480010,2894,0,70.6,0x0
1786480012,2894,0,71.1,0x0
1786480013,2888,0,70.6,0x0
1786480014,2889,0,70.6,0x0
1786480015,2893,0,70.6,0x0
1786480016,2893,0,70.6,0x0
1786480017,2895,0,70.6,0x0
1786480018,2895,0,70.6,0x0
1786480019,2895,0,72.0,0x0
1786480020,2895,0,70.1,0x0
1786480021,2895,0,70.6,0x0
1786480022,2895,0,70.1,0x0
1786480023,2893,0,70.6,0x0
1786480024,2893,0,70.1,0x0
1786480025,2894,0,70.6,0x0
1786480026,2894,0,71.5,0x0
1786480027,2894,0,70.6,0x0
1786480028,2895,0,71.1,0x0
1786480029,2896,0,70.6,0x0
1786480031,2896,0,70.1,0x0
1786480032,2897,0,69.6,0x0
1786480033,2896,0,70.6,0x0
1786480034,2892,0,70.6,0x0
1786480035,2892,0,70.1,0x0
1786480036,2896,0,70.6,0x0
1786480037,2896,0,71.1,0x0
1786480038,2894,0,71.1,0x0
1786480039,2894,0,71.1,0x0
1786480040,2893,0,71.1,0x0
1786480041,2893,0,71.1,0x0
1786480042,2891,0,70.6,0x0
1786480043,2892,0,70.6,0x0
1786480044,2890,0,71.5,0x0
1786480045,2893,0,71.5,0x0
1786480046,2891,0,72.0,0x0
1786480047,2891,0,70.6,0x0
1786480048,2891,0,71.5,0x0
1786480049,2892,0,70.6,0x0
1786480051,2893,0,71.1,0x0
1786480052,2896,0,71.1,0x0
1786480053,2896,0,70.6,0x0
1786480054,2892,0,71.1,0x0
1786480055,2893,0,70.1,0x0
1786480056,2897,0,70.1,0x0
1786480057,2898,0,70.6,0x0
1786480058,2895,0,70.6,0x0
1786480059,2895,0,70.1,0x0
1786480060,2891,0,70.1,0x0
1786480061,2891,0,70.6,0x0
1786480062,2890,0,71.1,0x0
1786480063,2890,0,70.1,0x0
1786480064,2890,0,70.1,0x0
1786480065,2891,0,71.1,0x0
1786480066,2889,0,69.6,0x0
1786480067,2890,0,70.1,0x0
1786480068,2898,0,71.5,0x0
1786480070,2898,0,71.1,0x0
1786480071,2894,0,69.6,0x0
1786480072,2894,0,71.1,0x0
1786480073,2895,0,70.6,0x0
1786480074,2895,0,71.1,0x0
1786480075,2893,0,70.6,0x0
1786480076,2895,0,70.6,0x0
1786480077,2894,0,70.6,0x0
1786480078,2893,0,70.1,0x0
1786480079,2891,0,71.1,0x0
1786480080,2891,0,70.1,0x0
1786480081,2890,0,70.1,0x0
1786480082,2890,0,70.1,0x0
1786480083,2887,0,70.6,0x0
1786480084,2894,0,71.1,0x0
1786480085,2892,0,70.1,0x0
1786480086,2894,0,71.1,0x0
1786480087,2894,0,71.1,0x0
1786480089,2895,0,70.6,0x0
1786480090,2895,0,71.1,0x0
1786480091,2896,0,70.1,0x0
1786480092,2897,0,70.6,0x0
1786480093,2890,0,70.6,0x0
1786480094,2891,0,71.5,0x0
1786480095,2895,0,71.1,0x0
1786480096,2895,0,70.6,0x0
1786480097,2892,0,71.5,0x0
1786480098,2892,0,71.5,0x0
1786480099,2892,0,70.6,0x0
1786480100,2892,0,70.1,0x0
1786480101,2893,0,71.5,0x0
1786480102,2894,0,71.5,0x0
1786480103,2890,0,70.6,0x0
1786480104,2891,0,71.1,0x0
1786480105,2894,0,70.6,0x0
1786480106,2894,0,72.0,0x0
1786480108,2892,0,71.1,0x0
1786480109,2893,0,70.1,0x0
1786480110,2895,0,70.6,0x0
1786480111,2895,0,70.6,0x0
1786480112,2891,0,70.6,0x0
1786480113,2891,0,69.6,0x0
1786480114,2894,0,71.1,0x0
1786480115,2893,0,70.1,0x0
1786480116,2896,0,71.1,0x0
1786480117,2896,0,70.6,0x0
1786480118,2894,0,71.1,0x0
1786480119,2895,0,71.5,0x0
1786480120,2890,0,71.1,0x0
1786480121,2890,0,71.1,0x0
1786480122,2893,0,70.1,0x0
1786480123,2893,0,71.5,0x0
1786480124,2892,0,70.1,0x0
1786480125,2892,0,70.1,0x0
1786480127,2891,0,69.6,0x0
1786480128,2891,0,71.1,0x0
1786480129,2890,0,70.6,0x0
1786480130,2894,0,71.1,0x0
1786480131,2891,0,71.5,0x0
1786480132,2894,0,70.6,0x0
1786480133,2894,0,71.1,0x0
1786480134,2895,0,71.5,0x0
1786480135,2894,0,69.6,0x0
1786480136,2894,0,70.6,0x0
1786480137,2894,0,70.6,0x0
1786480138,2892,0,70.1,0x0
1786480139,2893,0,70.6,0x0
1786480140,2896,0,70.1,0x0
1786480141,2896,0,70.6,0x0
1786480142,2895,0,70.6,0x0
1786480143,2895,0,70.6,0x0
1786480145,2891,0,70.1,0x0
1786480146,2891,0,71.1,0x0
1786480147,2888,0,71.1,0x0
1786480148,2890,0,69.6,0x0
1786480149,2894,0,71.1,0x0
1786480150,2894,0,71.1,0x0
1786480151,2897,0,70.1,0x0
1786480152,2896,0,70.6,0x0
1786480153,2895,0,71.5,0x0
1786480154,2894,0,69.6,0x0
1786480155,2895,0,70.6,0x0
1786480156,2894,0,70.1,0x0
1786480157,2895,0,69.6,0x0
1786480158,2895,0,70.1,0x0
1786480159,2894,0,71.1,0x0
1786480160,2896,0,70.1,0x0
1786480161,2892,0,69.6,0x0
1786480162,2892,0,71.1,0x0
1786480164,2891,0,71.5,0x0
1786480165,2893,0,72.0,0x0
1786480166,2894,0,70.1,0x0
1786480167,2893,0,71.1,0x0
1786480168,2887,0,69.6,0x0
1786480169,2888,0,71.5,0x0
1786480170,2894,0,69.6,0x0
1786480171,2895,0,69.6,0x0
1786480172,2896,0,70.1,0x0
1786480173,2897,0,70.6,0x0
1786480174,2891,0,71.1,0x0
1786480175,2896,0,71.1,0x0
1786480176,2895,0,70.6,0x0
1786480177,2893,0,71.1,0x0
1786480178,2893,0,70.6,0x0
1786480179,2893,0,70.6,0x0
1786480180,2893,0,71.5,0x0
1786480182,2896,0,70.6,0x0
1786480183,2897,0,71.1,0x0
1786480184,2890,0,71.1,0x0
1786480185,2890,0,69.1,0x0
1786480186,2893,0,71.5,0x0
1786480187,2894,0,70.1,0x0
1786480188,2897,0,70.6,0x0
1786480189,2897,0,70.6,0x0
1786480190,2892,0,70.1,0x0
1786480191,2893,0,70.6,0x0
1786480192,2894,0,71.1,0x0
1786480193,2894,0,70.6,0x0
1786480194,2888,0,69.6,0x0
1786480195,2888,0,70.1,0x0
1786480196,2891,0,70.6,0x0
1786480197,2892,0,70.1,0x0
1786480198,2893,0,70.6,0x0
1786480199,2893,0,69.6,0x0
1786480200,2893,0,69.6,0x0
1786480201,2895,0,70.6,0x0
1786480203,2891,0,70.1,0x0
1786480204,2892,0,70.6,0x0
1786480205,2899,0,71.1,0x0
1786480206,2899,0,70.1,0x0
1786480207,2888,0,72.0,0x0
1786480208,2888,0,71.5,0x0
1786480209,2888,0,71.5,0x0
1786480210,2890,0,70.6,0x0
1786480211,2891,0,70.6,0x0
1786480212,2894,0,71.1,0x0
1786480213,2894,0,71.1,0x0
1786480214,2892,0,70.6,0x0
1786480215,2892,0,70.6,0x0
1786480216,2892,0,71.1,0x0
1786480217,2893,0,70.6,0x0
1786480218,2896,0,71.1,0x0
1786480219,2895,0,70.6,0x0
1786480220,2890,0,71.1,0x0
1786480222,2891,0,70.6,0x0
1786480223,2894,0,70.1,0x0
1786480224,2894,0,71.1,0x0
1786480225,2890,0,71.1,0x0
1786480226,2890,0,70.1,0x0
1786480227,2890,0,69.6,0x0
1786480228,2891,0,71.1,0x0
1786480229,2890,0,70.6,0x0
1786480230,2891,0,71.1,0x0
1786480231,2895,0,70.6,0x0
1786480232,2896,0,70.6,0x0
1786480233,2892,0,70.6,0x0
1786480234,2892,0,69.6,0x0
1786480235,2892,0,70.6,0x0
1786480236,2891,0,70.6,0x0
1786480237,2891,0,70.6,0x0
1786480238,2891,0,71.1,0x0
1786480239,2895,0,71.5,0x0
1786480240,2895,0,70.6,0x0
1786480242,2891,0,71.1,0x0
1786480243,2895,0,71.5,0x0
1786480244,2893,0,71.1,0x0
1786480245,2895,0,70.1,0x0
1786480246,2894,0,70.6,0x0
1786480247,2892,0,71.5,0x0
1786480248,2892,0,71.1,0x0
1786480249,2894,0,70.6,0x0
1786480250,2894,0,70.1,0x0
1786480251,2893,0,71.5,0x0
1786480252,2894,0,70.1,0x0
1786480253,2894,0,71.1,0x0
1786480254,2893,0,69.6,0x0
1786480255,2896,0,71.1,0x0
1786480256,2896,0,70.6,0x0
1786480257,2892,0,71.1,0x0
1786480258,2893,0,70.1,0x0
1786480259,2895,0,70.6,0x0
1786480261,2895,0,70.6,0x0
1786480262,2893,0,70.6,0x0
1786480263,2894,0,70.1,0x0
1786480264,2892,0,71.1,0x0
1786480265,2892,0,70.1,0x0
1786480266,2893,0,70.1,0x0
1786480267,2892,0,70.1,0x0
1786480268,2892,0,70.6,0x0
1786480269,2893,0,70.1,0x0
1786480270,2895,0,70.6,0x0
1786480271,2894,0,71.1,0x0
1786480272,2893,0,70.1,0x0
1786480273,2893,0,71.1,0x0
1786480274,2894,0,69.6,0x0
1786480275,2892,0,70.6,0x0
1786480276,2892,0,70.6,0x0
1786480277,2892,0,69.6,0x0
1786480278,2891,0,70.1,0x0
1786480280,2891,0,71.1,0x0
1786480281,2892,0,69.6,0x0
1786480282,2892,0,70.6,0x0
1786480283,2891,0,70.6,0x0
1786480284,2891,0,69.6,0x0
1786480285,2889,0,71.1,0x0
1786480286,2897,0,70.1,0x0
1786480287,2897,0,71.1,0x0
1786480288,2897,0,70.1,0x0
1786480289,2896,0,70.6,0x0
1786480290,2891,0,70.6,0x0
1786480291,2891,0,71.1,0x0
1786480292,2891,0,70.6,0x0
1786480293,2891,0,70.6,0x0
1786480294,2890,0,71.1,0x0
1786480295,2885,0,71.1,0x0
1786480296,2877,0,71.1,0x0
1786480297,2891,0,71.1,0x0
1786480298,2887,0,71.1,0x0
1786480300,2888,0,70.6,0x0
1786480301,2894,0,71.1,0x0
1786480302,2895,0,71.5,0x0
1786480303,2889,0,71.1,0x0
1786480304,2891,0,71.1,0x0
1786480305,2891,0,69.1,0x0
1786480306,2891,0,69.6,0x0
1786480307,2893,0,70.1,0x0
1786480308,2893,0,71.1,0x0
1786480309,2893,0,70.6,0x0
1786480310,2893,0,70.1,0x0
1786480311,2890,0,70.1,0x0
1786480312,2889,0,70.6,0x0
1786480313,2890,0,70.6,0x0
1786480314,2890,0,70.1,0x0
1786480315,2892,0,70.1,0x0
1786480316,2893,0,71.1,0x0
1786480317,2891,0,70.6,0x0
1786480319,2892,0,70.1,0x0
1786480320,2885,0,70.1,0x0
1786480321,2888,0,70.1,0x0
1786480322,2894,0,71.1,0x0
1786480323,2894,0,70.6,0x0
1786480324,2894,0,69.6,0x0
1786480325,2894,0,71.1,0x0
1786480326,2892,0,71.1,0x0
1786480327,2896,0,71.1,0x0
1786480328,2895,0,71.1,0x0
1786480329,2894,0,71.1,0x0
1786480330,2894,0,69.6,0x0
1786480331,2891,0,70.6,0x0
1786480332,2891,0,71.5,0x0
1786480333,2893,0,71.1,0x0
1786480334,2893,0,70.1,0x0
1786480335,2893,0,70.6,0x0
1786480336,2896,0,69.6,0x0
1786480338,2896,0,70.6,0x0
1786480339,2896,0,70.1,0x0
1786480340,2893,0,70.1,0x0
1786480341,2893,0,70.6,0x0
1786480342,2894,0,70.1,0x0
1786480343,2894,0,70.6,0x0
1786480344,2893,0,70.1,0x0
1786480345,2895,0,71.1,0x0
1786480346,2895,0,71.1,0x0
1786480347,2895,0,70.6,0x0
1786480348,2896,0,69.1,0x0
1786480349,2896,0,71.1,0x0
1786480350,2894,0,71.1,0x0
1786480351,2893,0,71.5,0x0
1786480352,2890,0,71.1,0x0
1786480354,2891,0,70.6,0x0
1786480355,2889,0,70.6,0x0
1786480356,2890,0,71.5,0x0
1786480357,2892,0,71.5,0x0
1786480358,2892,0,70.6,0x0
1786480359,2895,0,70.6,0x0
1786480360,2894,0,70.6,0x0
1786480361,2896,0,70.6,0x0
1786480362,2896,0,71.1,0x0
1786480363,2899,0,70.1,0x0
1786480364,2899,0,70.1,0x0
1786480365,2896,0,70.6,0x0
1786480366,2899,0,71.1,0x0
1786480367,2896,0,70.1,0x0
1786480368,2896,0,71.1,0x0
1786480369,2892,0,70.6,0x0
1786480370,2897,0,71.5,0x0
1786480371,2895,0,70.6,0x0
1786480373,2900,0,71.1,0x0
1786480374,2899,0,70.6,0x0
1786480375,2893,0,71.1,0x0
1786480376,2892,0,71.1,0x0
1786480377,2888,0,70.6,0x0
1786480378,2889,0,71.1,0x0
1786480379,2895,0,69.6,0x0
1786480380,2896,0,71.5,0x0
1786480381,2891,0,71.1,0x0
1786480382,2891,0,70.1,0x0
1786480383,2895,0,71.5,0x0
1786480384,2895,0,71.1,0x0
1786480385,2896,0,71.1,0x0
1786480386,2896,0,71.5,0x0
1786480387,2896,0,71.1,0x0
1786480388,2895,0,70.1,0x0
1786480389,2893,0,72.0,0x0
1786480390,2895,0,70.6,0x0
1786480391,2893,0,70.1,0x0
1786480393,2893,0,70.6,0x0
1786480394,2892,0,71.1,0x0
1786480395,2893,0,70.6,0x0
1786480396,2895,0,71.1,0x0
1786480397,2894,0,70.6,0x0
1786480398,2893,0,71.1,0x0
1786480399,2893,0,70.6,0x0
1786480400,2888,0,70.6,0x0
1786480401,2890,0,72.0,0x0
1786480402,2891,0,70.6,0x0
1786480403,2891,0,70.1,0x0
1786480404,2893,0,70.6,0x0
1786480405,2894,0,69.6,0x0
1786480406,2895,0,70.6,0x0
1786480407,2895,0,71.5,0x0
1786480408,2897,0,70.6,0x0
1786480409,2897,0,70.6,0x0
1786480410,2898,0,71.1,0x0
1786480411,2897,0,71.1,0x0
1786480413,2892,0,71.5,0x0
1786480414,2897,0,71.5,0x0
1786480415,2896,0,70.6,0x0
1786480416,2895,0,69.1,0x0
1786480417,2895,0,71.5,0x0
1786480418,2894,0,71.1,0x0
1786480419,2895,0,71.1,0x0
1786480420,2889,0,71.1,0x0
1786480421,2889,0,70.6,0x0
1786480422,2895,0,71.5,0x0
1786480423,2895,0,70.1,0x0
1786480424,2895,0,71.1,0x0
1786480425,2895,0,71.5,0x0
1786480426,2894,0,70.6,0x0
1786480427,2894,0,71.1,0x0
1786480428,2897,0,71.1,0x0
1786480429,2897,0,70.6,0x0
1786480430,2897,0,69.6,0x0
1786480431,2897,0,70.6,0x0
1786480432,2891,0,70.6,0x0
1786480433,2891,0,71.1,0x0
1786480434,2895,0,71.1,0x0
1786480436,2896,0,70.6,0x0
1786480437,2894,0,70.1,0x0
1786480438,2894,0,71.1,0x0
1786480439,2894,0,70.1,0x0
1786480440,2894,0,71.1,0x0
1786480441,2894,0,71.1,0x0
1786480442,2894,0,70.6,0x0
1786480443,2892,0,70.6,0x0
1786480444,2892,0,70.1,0x0
1786480445,2889,0,70.6,0x0
1786480446,2892,0,71.1,0x0
1786480447,2890,0,71.1,0x0
1786480448,2892,0,70.6,0x0
1786480449,2892,0,71.5,0x0
1786480450,2893,0,70.6,0x0
1786480451,2893,0,71.5,0x0
1786480452,2886,0,70.6,0x0
1786480453,2886,0,70.1,0x0
1786480454,2889,0,70.6,0x0
1786480456,2890,0,70.1,0x0
1786480457,2889,0,71.1,0x0
1786480458,2889,0,70.6,0x0
1786480459,2892,0,70.1,0x0
1786480460,2891,0,70.6,0x0
1786480461,2888,0,70.1,0x0
1786480462,2887,0,71.1,0x0
1786480463,2893,0,71.5,0x0
1786480464,2893,0,70.1,0x0
1786480465,2893,0,70.6,0x0
1786480466,2895,0,71.1,0x0
1786480467,2895,0,71.1,0x0
1786480468,2895,0,71.1,0x0
1786480469,2891,0,71.5,0x0
1786480470,2891,0,70.1,0x0
1786480471,2892,0,71.1,0x0
1786480472,2892,0,71.1,0x0
1786480473,2894,0,69.6,0x0
1786480474,2894,0,70.6,0x0
1786480476,2893,0,71.1,0x0
1786480477,2894,0,71.1,0x0
1786480478,2894,0,69.6,0x0
1786480479,2894,0,70.6,0x0
1786480480,2896,0,70.6,0x0
1786480481,2896,0,70.6,0x0
1786480482,2895,0,71.1,0x0
1786480483,2895,0,70.6,0x0
1786480484,2892,0,70.6,0x0
1786480485,2892,0,70.1,0x0
1786480486,2891,0,70.6,0x0
1786480487,2891,0,70.1,0x0
1786480488,2885,0,70.1,0x0
1786480489,2891,0,70.1,0x0
1786480490,2891,0,70.6,0x0
1786480491,2893,0,70.6,0x0
1786480492,2894,0,71.5,0x0
1786480493,2887,0,71.5,0x0
1786480495,2890,0,71.1,0x0
1786480496,2892,0,71.1,0x0
1786480497,2893,0,70.6,0x0
1786480498,2894,0,71.1,0x0
1786480499,2894,0,71.1,0x0
1786480500,2894,0,70.6,0x0
1786480501,2895,0,70.6,0x0
1786480502,2893,0,71.1,0x0
1786480503,2894,0,70.1,0x0
1786480504,2896,0,71.5,0x0
1786480505,2895,0,71.5,0x0
1786480506,2894,0,71.1,0x0
1786480507,2895,0,71.1,0x0
1786480508,2891,0,69.6,0x0
1786480509,2892,0,70.1,0x0
1786480510,2894,0,70.1,0x0
1786480511,2893,0,71.5,0x0
1786480512,2890,0,71.1,0x0
1786480513,2892,0,70.6,0x0
1786480515,2891,0,71.5,0x0
1786480516,2892,0,72.5,0x0
1786480517,2892,0,71.1,0x0
1786480518,2892,0,70.1,0x0
1786480519,2892,0,69.6,0x0
1786480520,2891,0,71.5,0x0
1786480521,2895,0,72.0,0x0
1786480522,2895,0,70.6,0x0
1786480523,2897,0,71.1,0x0
1786480524,2897,0,70.1,0x0
1786480525,2894,0,72.0,0x0
1786480526,2895,0,70.6,0x0
1786480527,2891,0,70.6,0x0
1786480528,2891,0,70.1,0x0
1786480529,2887,0,71.1,0x0
1786480530,2890,0,70.6,0x0
1786480531,2889,0,70.6,0x0
1786480533,2893,0,70.6,0x0
1786480534,2894,0,70.1,0x0
1786480535,2891,0,70.6,0x0
1786480536,2892,0,70.6,0x0
1786480537,2896,0,70.6,0x0
1786480538,2896,0,70.6,0x0
1786480539,2896,0,71.1,0x0
1786480540,2896,0,71.1,0x0
1786480541,2900,0,70.6,0x0
1786480542,2900,0,71.1,0x0
1786480543,2894,0,70.1,0x0
1786480544,2893,0,70.6,0x0
1786480545,2894,0,70.6,0x0
1786480546,2895,0,70.6,0x0
1786480547,2892,0,71.1,0x0
1786480548,2892,0,71.1,0x0
1786480549,2895,0,71.1,0x0
1786480550,2895,0,71.5,0x0
1786480551,2894,0,70.6,0x0
1786480553,2894,0,71.5,0x0
1786480554,2893,0,71.1,0x0
1786480555,2893,0,71.1,0x0
1786480556,2889,0,70.1,0x0
1786480557,2890,0,70.6,0x0
1786480558,2890,0,70.6,0x0
1786480559,2890,0,71.1,0x0
1786480560,2888,0,69.6,0x0
1786480561,2889,0,70.1,0x0
1786480562,2894,0,70.6,0x0
1786480563,2894,0,71.1,0x0
1786480564,2892,0,71.1,0x0
1786480565,2892,0,71.5,0x0
1786480566,2890,0,71.1,0x0
1786480567,2890,0,72.0,0x0
1786480568,2890,0,70.6,0x0
1786480569,2895,0,70.6,0x0
1786480570,2892,0,70.6,0x0
1786480572,2896,0,71.1,0x0
1786480573,2897,0,70.6,0x0
1786480574,2895,0,71.1,0x0
1786480575,2896,0,71.5,0x0
1786480576,2892,0,71.1,0x0
1786480577,2894,0,71.5,0x0
1786480578,2891,0,72.0,0x0
1786480579,2891,0,71.1,0x0
1786480580,2891,0,70.6,0x0
1786480581,2893,0,71.5,0x0
1786480582,2893,0,70.6,0x0
1786480583,2894,0,70.6,0x0
1786480584,2897,0,71.1,0x0
1786480585,2896,0,70.6,0x0
1786480586,2894,0,71.5,0x0
1786480587,2896,0,70.1,0x0
1786480588,2892,0,71.5,0x0
1786480589,2892,0,71.1,0x0
1786480591,2892,0,70.1,0x0
1786480592,2892,0,71.1,0x0
1786480593,2894,0,71.5,0x0
1786480594,2894,0,70.1,0x0
1786480595,2896,0,71.1,0x0
1786480596,2895,0,70.1,0x0
1786480597,2893,0,69.6,0x0
1786480598,2894,0,71.5,0x0
1786480599,2894,0,72.0,0x0
1786480600,2894,0,70.6,0x0
1786480601,2891,0,70.1,0x0
1786480602,2892,0,70.1,0x0
1786480603,2891,0,71.5,0x0
1786480604,2892,0,70.6,0x0
1786480605,2893,0,71.5,0x0
1786480606,2894,0,70.1,0x0
1786480607,2890,0,71.1,0x0
1786480609,2890,0,71.5,0x0
1786480610,2891,0,71.1,0x0
1786480611,2891,0,71.5,0x0
1786480612,2888,0,72.0,0x0
1786480613,2893,0,70.6,0x0
1786480614,2890,0,70.6,0x0
1786480615,2893,0,70.1,0x0
1786480616,2893,0,70.1,0x0
1786480617,2894,0,69.6,0x0
1786480618,2893,0,72.0,0x0
1786480619,2896,0,71.1,0x0
1786480620,2895,0,71.1,0x0
1786480621,2895,0,71.5,0x0
1786480622,2894,0,70.6,0x0
1786480623,2892,0,70.6,0x0
1786480624,2891,0,71.1,0x0
1786480625,2893,0,70.1,0x0
1786480626,2892,0,71.5,0x0
1786480628,2893,0,70.1,0x0
1786480629,2894,0,70.6,0x0
1786480630,2889,0,71.1,0x0
1786480631,2890,0,71.1,0x0
1786480632,2889,0,71.1,0x0
1786480633,2890,0,71.5,0x0
1786480634,2892,0,71.1,0x0
1786480635,2892,0,72.0,0x0
1786480636,2892,0,71.5,0x0
1786480637,2892,0,71.5,0x0
1786480638,2895,0,69.1,0x0
1786480639,2895,0,71.1,0x0
1786480640,2893,0,71.5,0x0
1786480641,2893,0,71.1,0x0
1786480642,2887,0,71.5,0x0
1786480643,2887,0,71.1,0x0
1786480644,2889,0,71.1,0x0
1786480645,2890,0,70.6,0x0
1786480647,2891,0,71.1,0x0
1786480648,2891,0,70.6,0x0
1786480649,2895,0,71.1,0x0
1786480650,2896,0,71.1,0x0
1786480651,2894,0,71.1,0x0
1786480652,2894,0,71.1,0x0
1786480653,2891,0,71.1,0x0
1786480654,2892,0,71.1,0x0
1786480655,2893,0,70.6,0x0
1786480656,2894,0,71.5,0x0
1786480657,2888,0,71.1,0x0
1786480658,2888,0,71.1,0x0
1786480659,2886,0,71.1,0x0
1786480660,2893,0,70.6,0x0
1786480661,2892,0,71.1,0x0
1786480662,2890,0,70.6,0x0
1786480663,2891,0,70.6,0x0
1786480665,2896,0,70.6,0x0
1786480666,2896,0,70.6,0x0
1786480667,2898,0,71.5,0x0
1786480668,2899,0,70.6,0x0
1786480669,2896,0,70.6,0x0
1786480670,2897,0,71.1,0x0
1786480671,2896,0,70.6,0x0
1786480672,2896,0,70.6,0x0
1786480673,2898,0,71.5,0x0
1786480674,2896,0,70.1,0x0
1786480675,2898,0,71.1,0x0
1786480676,2896,0,70.6,0x0
1786480677,2891,0,71.1,0x0
1786480678,2891,0,72.0,0x0
1786480679,2890,0,71.1,0x0
1786480680,2891,0,70.6,0x0
1786480681,2894,0,71.1,0x0
1786480683,2893,0,72.0,0x0
1786480684,2893,0,71.5,0x0
1786480685,2894,0,70.6,0x0
1786480686,2891,0,70.6,0x0
1786480687,2892,0,70.6,0x0
1786480688,2890,0,70.6,0x0
1786480689,2891,0,70.6,0x0
1786480690,2897,0,70.6,0x0
1786480691,2896,0,69.6,0x0
1786480692,2898,0,70.6,0x0
1786480693,2898,0,69.6,0x0
1786480694,2897,0,70.6,0x0
1786480695,2897,0,70.6,0x0
1786480696,2891,0,70.6,0x0
1786480697,2892,0,70.6,0x0
1786480698,2894,0,70.1,0x0
1786480699,2894,0,71.1,0x0
1786480701,2886,0,71.5,0x0
1786480702,2887,0,70.6,0x0
1786480703,2886,0,70.1,0x0
1786480704,2892,0,70.1,0x0
1786480705,2892,0,71.1,0x0
1786480706,2895,0,70.6,0x0
1786480707,2895,0,71.1,0x0
1786480708,2888,0,71.1,0x0
1786480709,2888,0,71.1,0x0
1786480710,2885,0,71.1,0x0
1786480711,2885,0,70.1,0x0
1786480712,2889,0,70.6,0x0
1786480713,2891,0,71.1,0x0
1786480714,2892,0,70.6,0x0
1786480715,2895,0,71.5,0x0
1786480716,2899,0,71.1,0x0
1786480717,2898,0,70.1,0x0
1786480718,2895,0,70.6,0x0
1786480720,2896,0,70.1,0x0
1786480721,2894,0,70.6,0x0
1786480722,2893,0,70.6,0x0
1786480723,2890,0,70.6,0x0
1786480724,2891,0,69.6,0x0
1786480725,2893,0,70.1,0x0
1786480726,2893,0,71.1,0x0
1786480727,2894,0,70.6,0x0
1786480728,2894,0,70.1,0x0
1786480729,2893,0,70.1,0x0
1786480730,2893,0,70.1,0x0
1786480731,2891,0,71.1,0x0
1786480732,2892,0,71.1,0x0
1786480733,2894,0,70.6,0x0
1786480734,2895,0,69.6,0x0
1786480735,2895,0,70.6,0x0
1786480737,2895,0,71.1,0x0
1786480738,2893,0,71.1,0x0
1786480739,2894,0,71.1,0x0
1786480740,2896,0,71.1,0x0
1786480741,2896,0,71.1,0x0
1786480742,2893,0,71.1,0x0
1786480743,2894,0,71.1,0x0
1786480744,2890,0,71.5,0x0
1786480745,2892,0,71.5,0x0
1786480746,2889,0,70.6,0x0
1786480747,2886,0,70.1,0x0
1786480748,2887,0,71.5,0x0
1786480749,2887,0,71.1,0x0
1786480750,2888,0,72.0,0x0
1786480751,2895,0,70.6,0x0
1786480752,2895,0,70.1,0x0
1786480753,2894,0,71.5,0x0
1786480754,2894,0,71.5,0x0
1786480755,2894,0,71.1,0x0
1786480757,2894,0,71.1,0x0
1786480758,2892,0,70.1,0x0
1786480759,2892,0,71.5,0x0
1786480760,2889,0,70.6,0x0
1786480761,2890,0,71.5,0x0
1786480762,2892,0,71.5,0x0
1786480763,2892,0,70.6,0x0
1786480764,2892,0,71.1,0x0
1786480765,2892,0,71.5,0x0
1786480766,2891,0,70.1,0x0
1786480767,2891,0,69.6,0x0
1786480768,2893,0,70.1,0x0
1786480769,2894,0,71.1,0x0
1786480770,2896,0,71.5,0x0
1786480771,2895,0,72.0,0x0
1786480772,2894,0,71.5,0x0
1786480773,2893,0,70.6,0x0
1786480774,2894,0,71.5,0x0
1786480776,2896,0,70.1,0x0
1786480777,2895,0,71.1,0x0
1786480778,2895,0,71.1,0x0
1786480779,2894,0,71.1,0x0
1786480780,2894,0,70.6,0x0
1786480781,2893,0,71.1,0x0
1786480782,2894,0,71.1,0x0
1786480783,2894,0,71.5,0x0
1786480784,2894,0,71.1,0x0
1786480785,2889,0,71.1,0x0
1786480786,2894,0,72.0,0x0
1786480787,2894,0,71.1,0x0
1786480788,2894,0,69.6,0x0
1786480789,2895,0,71.5,0x0
1786480790,2894,0,70.6,0x0
1786480791,2895,0,71.1,0x0
1786480792,2896,0,70.6,0x0
1786480793,2896,0,70.1,0x0
1786480795,2892,0,70.1,0x0
1786480796,2892,0,71.1,0x0
1786480797,2896,0,71.1,0x0
1786480798,2897,0,70.1,0x0
1786480799,2893,0,71.1,0x0
1786480800,2894,0,71.5,0x0
1786480801,2892,0,71.1,0x0
1786480802,2892,0,71.5,0x0
1786480803,2889,0,71.1,0x0
1786480804,2894,0,71.1,0x0
1786480805,2896,0,70.6,0x0
1786480806,2895,0,70.6,0x0
1786480807,2890,0,71.5,0x0
1786480808,2890,0,71.5,0x0
1786480809,2890,0,70.6,0x0
1786480810,2891,0,71.1,0x0
1786480811,2893,0,71.1,0x0
1786480812,2893,0,71.1,0x0
1786480813,2893,0,71.5,0x0
1786480815,2893,0,70.6,0x0
1786480816,2892,0,71.1,0x0
1786480817,2892,0,70.6,0x0
1786480818,2895,0,71.5,0x0
1786480819,2895,0,71.1,0x0
1786480820,2897,0,72.0,0x0
1786480821,2897,0,70.6,0x0
1786480822,2897,0,71.1,0x0
1786480823,2897,0,70.6,0x0
1786480824,2899,0,69.6,0x0
1786480825,2898,0,71.1,0x0
1786480826,2894,0,70.1,0x0
1786480827,2898,0,70.6,0x0
1786480828,2898,0,72.0,0x0
1786480829,2897,0,71.1,0x0
1786480830,2897,0,71.1,0x0
1786480832,2893,0,71.1,0x0
1786480833,2894,0,71.5,0x0
1786480834,2898,0,71.1,0x0
1786480835,2897,0,71.5,0x0
1786480836,2895,0,71.1,0x0
1786480837,2894,0,70.1,0x0
1786480838,2895,0,70.1,0x0
1786480839,2895,0,70.1,0x0
1786480840,2893,0,71.1,0x0
1786480841,2894,0,71.5,0x0
1786480842,2899,0,70.6,0x0
1786480843,2899,0,70.6,0x0
1786480844,2899,0,70.1,0x0
1786480845,2888,0,71.1,0x0
1786480846,2972,0,69.6,0x0
1786480847,3189,0,69.6,0x0
1786480848,3245,0,65.2,0x0
1786480849,3246,0,64.7,0x0
1786480850,3254,0,64.7,0x0
1786480851,3257,0,63.3,0x0
1786480852,3263,0,63.3,0x0
1786480853,3265,0,61.3,0x0
1786480854,3275,0,62.3,0x0
1786480855,3276,0,61.8,0x0
1786480856,3276,0,61.3,0x0
1786480857,3282,0,59.9,0x0
1786480859,3283,0,58.9,0x0
1786480860,3282,0,59.4,0x0
1786480861,3283,0,59.9,0x0
1786480862,3279,0,59.4,0x0
1786480863,3270,0,58.9,0x0
1786480864,3276,0,59.9,0x0
1786480865,3277,0,57.9,0x0
1786480866,3280,0,58.9,0x0
1786480867,3282,0,58.4,0x0
1786480868,3286,0,58.4,0x0
1786480869,3287,0,58.4,0x0
1786480870,3285,0,58.4,0x0
1786480871,3285,0,57.9,0x0
1786480872,3285,0,57.4,0x0
1786480873,3286,0,56.9,0x0
1786480874,3285,0,56.4,0x0
1786480875,3286,0,57.4,0x0
1786480876,3283,0,56.9,0x0
1786480877,3284,0,56.9,0x0
1786480878,3287,0,56.9,0x0
